episode,reward
1,-44.959999999999994
2,-2.04
3,-1.09
4,-2.2199999999999998
5,-2.36
6,-4.76
7,-1.0
8,-3.9599999999999995
9,-1.2
10,-1.29
11,-4.08
12,-3.6100000000000003
13,-2.5300000000000002
14,-8.07
15,-107.03
16,-4.08
17,-3.03
18,-1.26
19,-2.0199999999999996
20,-1.73
21,-1.1199999999999999
22,-19.08
23,-1.89
24,-1.62
25,-1.16
26,-20.549999999999997
27,-7.35
28,-1.1500000000000001
29,-3.1499999999999995
30,-11.350000000000001
31,-4.16
32,-1.19
33,-163.33999999999997
34,-4.359999999999999
35,-3.2199999999999998
36,-1.1
37,-1.8399999999999999
38,-10.45
39,-1.72
40,-2.46
41,-1.17
42,-7.35
43,-1.51
44,-4.52
45,-24.189999999999998
46,-2.73
47,-60.3
48,-1.72
49,-4.619999999999999
50,-1.74
51,-2.16
52,-1.52
53,-4.539999999999999
54,-4.47
55,-231.04
56,-2.6199999999999997
57,-49.06
58,-39.019999999999996
59,-1.96
60,-1.32
61,-2.3000000000000003
62,-5.149999999999999
63,-13.82
64,-2.8099999999999996
65,-6.01
66,-48.21
67,-1.4500000000000002
68,-6.1899999999999995
69,-3.09
70,-6.779999999999999
71,-2.49
72,-1.9
73,-2.5599999999999996
74,-3.6399999999999997
75,-1.03
76,-2.25
77,-2465.040000000001
78,-4.279999999999999
79,-3.6900000000000004
80,-3.4800000000000004
81,-5030.570000000002
82,-58.97
83,-5.299999999999999
84,-245.92999999999998
85,-1.17
86,-2.45
87,-1.1199999999999999
88,-3.1399999999999997
89,-0.33000000000000007
90,0.7999999999999999
91,-1.1
92,-1.14
93,-2.44
94,-1.34
95,0.59
96,-1.19
97,-0.08999999999999986
98,-1.79
99,-1.6400000000000001
100,0.76
101,-2.65
102,-2.3000000000000003
103,-1.54
104,-2.44
105,-1.8599999999999999
106,-0.07999999999999985
107,-1.3800000000000001
108,-1.16
109,-1.79
110,-1.4
111,-1.14
112,-1.74
113,0.7899999999999999
114,-1.0
115,-1.25
116,-1.02
117,-1.37
118,0.83
119,0.83
120,-1.09
121,0.3799999999999999
122,0.51
123,-1.01
124,0.36999999999999994
125,-1.07
126,-1.27
127,0.82
128,-1.02
129,0.83
130,0.73
131,-1.04
132,0.85
133,0.6299999999999999
134,0.27
135,-1.0
136,-1.3800000000000001
137,0.15000000000000002
138,-1.02
139,0.51
140,0.7999999999999999
141,-1.24
142,-1.54
143,-0.3400000000000001
144,-1.07
145,-1.01
146,-1.67
147,-1.92
148,-1.0
149,-1.26
150,0.5399999999999999
151,-1.02
152,0.7
153,-1.27
154,-1.04
155,0.06000000000000005
156,-1.54
157,-1.05
158,0.87
159,-1.01
160,0.86
161,-0.02999999999999986
162,0.51
163,-1.09
164,0.3999999999999999
165,-1.0
166,0.08000000000000007
167,0.89
168,-1.36
169,-1.22
170,-1.01
171,-1.0
172,-1.02
173,-1.23
174,-1.01
175,-1.01
176,-1.01
177,-1.01
178,-1.1199999999999999
179,0.82
180,-2.23
181,-1.02
182,-1.06
183,0.7
184,-1.01
185,0.7799999999999999
186,0.85
187,-1.0
188,-1.02
189,-1.7999999999999998
190,-1.02
191,-1.1500000000000001
192,-1.21
193,-0.05999999999999983
194,0.7
195,-1.0
196,-1.01
197,0.71
198,0.75
199,-1.46
200,-1.02
201,-1.02
202,-0.019999999999999796
203,-1.07
204,0.89
205,0.7699999999999999
206,-1.02
207,-1.36
208,-1.96
209,0.42999999999999994
210,-1.06
211,-1.65
212,-1.0
213,-1.02
214,-1.32
215,0.36999999999999994
216,-1.17
217,-1.03
218,-1.8699999999999999
219,0.21999999999999997
220,-1.01
221,-1.22
222,0.89
223,0.9
224,-1.09
225,-1.9499999999999997
226,-1.42
227,-1.0
228,0.89
229,0.7
230,0.7899999999999999
231,-1.44
232,0.6099999999999999
233,0.57
234,-1.8699999999999999
235,-1.28
236,-1.25
237,0.69
238,-1.01
239,-1.01
240,0.9299999999999999
241,-2.2199999999999998
242,-0.7999999999999998
243,-1.22
244,-1.01
245,0.9299999999999999
246,-1.05
247,-1.72
248,-1.02
249,-1.44
250,0.45999999999999996
251,0.6699999999999999
252,0.87
253,0.73
254,-1.0
255,-1.05
256,0.6399999999999999
257,0.15000000000000002
258,-1.02
259,-0.15999999999999992
260,-1.1
261,-1.58
262,0.06000000000000005
263,-1.01
264,0.71
265,0.6499999999999999
266,0.45999999999999996
267,-1.27
268,-1.0
269,-1.0
270,-0.05999999999999983
271,-1.46
272,-1.1
273,-1.03
274,0.87
275,0.91
276,-0.49
277,-1.01
278,-1.76
279,-1.57
280,-2.33
281,0.88
282,0.6599999999999999
283,-1.14
284,-1.0
285,-1.01
286,-1.02
287,-1.01
288,-1.02
289,0.83
290,-1.26
291,0.47
292,-1.1500000000000001
293,-1.02
294,-1.01
295,-1.01
296,0.18000000000000005
297,-1.01
298,-1.02
299,0.5299999999999999
300,-1.8699999999999999
301,0.7699999999999999
302,-1.01
303,0.49
304,-1.17
305,-1.0
306,0.83
307,0.5499999999999999
308,-1.36
309,0.86
310,0.7899999999999999
311,0.6
312,-1.4300000000000002
313,0.6099999999999999
314,-1.0299999999999998
315,-1.06
316,-1.01
317,-1.01
318,-1.55
319,-1.0
320,-1.1099999999999999
321,0.7699999999999999
322,0.69
323,-0.6999999999999998
324,-1.1
325,-1.0
326,-2.3400000000000003
327,-1.1099999999999999
328,-1.8399999999999999
329,-1.06
330,0.86
331,-1.2
332,0.91
333,-1.03
334,-1.01
335,-1.05
336,-1.07
337,-1.25
338,-1.13
339,0.6699999999999999
340,-1.01
341,-1.54
342,0.7
343,-1.19
344,0.9299999999999999
345,0.5399999999999999
346,0.89
347,0.6299999999999999
348,0.9299999999999999
349,-1.0
350,-1.03
351,-1.01
352,-1.02
353,-1.03
354,-1.03
355,-1.01
356,-1.16
357,0.7899999999999999
358,-1.02
359,-1.04
360,-1.36
361,-1.0
362,-1.04
363,0.73
364,-1.0
365,0.87
366,-1.01
367,-1.02
368,0.82
369,0.91
370,-1.0
371,0.28
372,-0.08999999999999986
373,-1.4
374,-1.0
375,-1.0
376,-1.0
377,0.75
378,-1.0
379,-1.0
380,0.7699999999999999
381,-1.0
382,0.6599999999999999
383,-1.03
384,-1.0
385,0.21999999999999997
386,0.10000000000000009
387,0.89
388,-1.06
389,-1.02
390,-1.01
391,-1.0
392,-1.1199999999999999
393,-1.0
394,-1.31
395,-1.02
396,-1.01
397,-1.02
398,-1.16
399,-1.14
400,0.9299999999999999
401,-1.23
402,-1.6300000000000001
403,-1.55
404,-1.42
405,-1.02
406,-1.0
407,-1.28
408,-1.01
409,-1.1500000000000001
410,-1.02
411,-1.25
412,-1.02
413,-1.01
414,-0.2700000000000001
415,-1.02
416,0.87
417,0.49
418,-1.4300000000000002
419,-1.02
420,-1.0
421,-1.69
422,-1.52
423,-1.01
424,-1.01
425,-1.03
426,-1.22
427,-1.0
428,0.88
429,-1.04
430,-1.0
431,-1.0
432,-1.13
433,-1.8599999999999999
434,0.83
435,-1.3800000000000001
436,-1.0
437,-1.0
438,-1.33
439,0.87
440,-1.3800000000000001
441,-1.04
442,0.89
443,0.9299999999999999
444,0.9299999999999999
445,-1.02
446,0.9299999999999999
447,-1.02
448,-1.02
449,0.9299999999999999
450,-1.01
451,0.89
452,0.92
453,-1.03
454,0.92
455,-1.0
456,-1.1199999999999999
457,-1.04
458,0.9299999999999999
459,0.9299999999999999
460,-1.03
461,-1.01
462,0.9299999999999999
463,-1.01
464,-1.02
465,-1.04
466,-1.04
467,0.9299999999999999
468,-1.04
469,-1.02
470,-1.06
471,0.89
472,0.9299999999999999
473,0.9299999999999999
474,-1.01
475,0.9299999999999999
476,-1.05
477,-1.05
478,0.9299999999999999
479,-1.0
480,0.9299999999999999
481,-1.04
482,-1.03
483,-1.03
484,-1.05
485,0.9299999999999999
486,-1.01
487,-1.01
488,-1.0
489,0.9299999999999999
490,0.92
491,-1.02
492,-1.06
493,0.9299999999999999
494,0.92
495,-1.04
496,-1.06
497,-1.02
498,-1.01
499,0.9299999999999999
500,-1.05
501,-1.06
502,-1.07
503,-1.03
504,0.9299999999999999
505,0.9299999999999999
506,-1.05
507,-1.04
508,-1.0
509,-1.0
510,-1.04
511,-1.03
512,-1.02
513,0.9299999999999999
514,0.9299999999999999
515,-1.01
516,-1.05
517,-1.0
518,-1.04
519,-1.07
520,-1.0
521,-1.02
522,-1.01
523,-1.06
524,-1.01
525,-1.06
526,-1.0
527,-1.02
528,-1.01
529,0.92
530,-1.05
531,0.9299999999999999
532,-1.02
533,-1.0
534,0.9299999999999999
535,0.91
536,0.9299999999999999
537,0.9299999999999999
538,-1.08
539,0.9299999999999999
540,-1.04
541,-1.01
542,-1.07
543,-1.04
544,0.91
545,0.9299999999999999
546,0.92
547,0.9299999999999999
548,-1.05
549,0.9299999999999999
550,-1.05
551,-1.04
552,0.92
553,0.9299999999999999
554,0.9299999999999999
555,-1.02
556,-1.04
557,-1.05
558,-1.02
559,-1.06
560,0.9299999999999999
561,-1.0
562,-1.05
563,-1.04
564,0.91
565,-1.01
566,-1.0
567,0.9299999999999999
568,0.9299999999999999
569,-1.06
570,-1.02
571,-1.01
572,0.9299999999999999
573,-1.05
574,-1.05
575,0.9299999999999999
576,-1.03
577,-1.01
578,0.9299999999999999
579,-1.06
580,-1.06
581,0.9299999999999999
582,-1.07
583,-1.05
584,-1.02
585,0.91
586,0.91
587,0.9299999999999999
588,-1.01
589,-1.1
590,-1.1
591,0.91
592,-1.02
593,-1.04
594,-1.03
595,-1.0
596,-1.01
597,-1.01
598,-1.0
599,-1.02
600,0.9
601,0.9299999999999999
602,-1.01
603,-1.02
604,-1.05
605,0.9299999999999999
606,-1.04
607,-1.03
608,-1.02
609,-1.03
610,-1.02
611,-1.0
612,-1.02
613,0.9299999999999999
614,0.92
615,-1.07
616,-1.01
617,-1.0
618,0.9299999999999999
619,-1.05
620,0.91
621,-1.0
622,-1.0
623,-1.03
624,0.9299999999999999
625,-1.03
626,-1.0
627,-1.04
628,0.9299999999999999
629,-1.06
630,0.9299999999999999
631,-1.06
632,-1.03
633,-1.04
634,-1.03
635,0.9299999999999999
636,-1.01
637,-1.07
638,0.9299999999999999
639,0.92
640,-1.01
641,-1.0
642,0.9299999999999999
643,0.91
644,-1.0
645,-1.02
646,-1.06
647,-1.01
648,-1.06
649,-1.03
650,-1.1
651,-1.0
652,0.9299999999999999
653,0.9299999999999999
654,-1.02
655,0.89
656,0.9299999999999999
657,0.91
658,-1.02
659,0.92
660,0.9299999999999999
661,-1.01
662,0.9299999999999999
663,-1.02
664,-1.04
665,0.9299999999999999
666,-1.0
667,0.9299999999999999
668,-1.02
669,-1.04
670,0.9299999999999999
671,0.9299999999999999
672,-1.07
673,-1.01
674,-1.06
675,0.9299999999999999
676,-1.0
677,-1.0
678,-1.02
679,0.9299999999999999
680,-1.0
681,-1.01
682,-1.01
683,-1.01
684,0.9299999999999999
685,-1.01
686,-1.0
687,-1.03
688,-1.02
689,-1.01
690,-1.02
691,-1.04
692,-1.0
693,-1.0
694,-1.01
695,-1.02
696,-1.03
697,0.91
698,0.91
699,-1.06
700,-1.04
701,0.9299999999999999
702,-1.03
703,-1.02
704,-1.04
705,-1.03
706,0.9299999999999999
707,-1.0
708,0.9299999999999999
709,0.9299999999999999
710,-1.0
711,0.9299999999999999
712,-1.06
713,0.92
714,-1.05
715,-1.01
716,-1.06
717,0.9299999999999999
718,-1.02
719,-1.06
720,-1.0
721,0.89
722,-1.02
723,0.9299999999999999
724,0.92
725,-1.01
726,0.92
727,-1.08
728,0.92
729,0.9299999999999999
730,0.9299999999999999
731,-1.0
732,0.9299999999999999
733,-1.07
734,0.9
735,-1.04
736,-1.05
737,0.91
738,-1.1
739,-1.01
740,-1.0
741,-1.05
742,-1.07
743,0.9299999999999999
744,-1.06
745,-1.01
746,0.91
747,-1.01
748,0.9299999999999999
749,-1.06
750,-1.02
751,-1.08
752,-1.02
753,0.91
754,0.9299999999999999
755,-1.02
756,0.9299999999999999
757,-1.0
758,-1.02
759,0.89
760,0.9
761,-1.01
762,-1.07
763,-1.06
764,0.9299999999999999
765,-1.0
766,0.91
767,0.9299999999999999
768,-1.01
769,-1.03
770,0.9299999999999999
771,-1.01
772,-1.05
773,0.9299999999999999
774,-1.09
775,-1.02
776,-1.05
777,0.9299999999999999
778,-1.03
779,-1.01
780,-1.06
781,-1.01
782,0.9299999999999999
783,-1.05
784,0.9299999999999999
785,-1.08
786,-1.03
787,-1.03
788,-1.02
789,0.9299999999999999
790,0.91
791,-1.06
792,0.9299999999999999
793,0.9299999999999999
794,0.9299999999999999
795,-1.02
796,-1.07
797,-1.03
798,-1.0
799,-1.05
800,-1.05
801,-1.0
802,0.91
803,-1.05
804,-1.0
805,0.9
806,0.91
807,-1.0
808,0.9299999999999999
809,-1.02
810,-1.04
811,0.9299999999999999
812,0.9299999999999999
813,-1.01
814,-1.02
815,-1.02
816,-1.02
817,-1.09
818,-1.01
819,-1.01
820,0.9299999999999999
821,-1.05
822,-1.06
823,-1.02
824,0.91
825,-1.02
826,-1.0
827,-1.0
828,0.92
829,-1.04
830,-1.03
831,-1.02
832,-1.0
833,-1.01
834,-1.01
835,-1.02
836,-1.01
837,-1.02
838,0.9299999999999999
839,-1.04
840,-1.03
841,-1.04
842,-1.0
843,0.92
844,-1.08
845,-1.02
846,-1.06
847,-1.03
848,0.9299999999999999
849,-1.05
850,-1.04
851,0.9299999999999999
852,-1.05
853,-1.05
854,-1.02
855,-1.01
856,0.9299999999999999
857,-1.0
858,-1.03
859,0.91
860,-1.0
861,-1.0
862,-1.05
863,0.9299999999999999
864,-1.0
865,-1.01
866,0.9299999999999999
867,-1.02
868,-1.05
869,-1.06
870,-1.04
871,-1.0
872,-1.0
873,0.88
874,-1.0
875,-1.01
876,0.9299999999999999
877,0.9
878,-1.0
879,-1.05
880,-1.06
881,0.92
882,-1.05
883,0.91
884,-1.07
885,-1.03
886,-1.06
887,0.9299999999999999
888,-1.04
889,0.9299999999999999
890,-1.0
891,-1.0
892,-1.01
893,0.87
894,-1.0
895,-1.0
896,-1.07
897,0.9
898,-1.02
899,-1.0
900,0.9299999999999999
901,-1.03
902,0.92
903,-1.02
904,0.9299999999999999
905,-1.02
906,0.9299999999999999
907,0.9299999999999999
908,0.92
909,0.91
910,0.9299999999999999
911,-1.0
912,-1.08
913,-1.03
914,-1.06
915,-1.05
916,-1.01
917,-1.04
918,0.9299999999999999
919,0.9
920,-1.0
921,-1.06
922,-1.03
923,0.9299999999999999
924,-1.0
925,-1.01
926,-1.0
927,-1.01
928,-1.0
929,0.9299999999999999
930,-1.0
931,-1.04
932,0.9299999999999999
933,-1.05
934,-1.01
935,-1.02
936,-1.04
937,-1.0
938,-1.03
939,-1.0
940,-1.07
941,-1.03
942,0.9299999999999999
943,-1.0
944,-1.05
945,-1.03
946,-1.04
947,0.92
948,0.9299999999999999
949,-1.02
950,0.91
951,-1.02
952,0.9299999999999999
953,-1.02
954,0.9299999999999999
955,-1.04
956,-1.05
957,-1.0
958,0.89
959,0.91
960,0.91
961,-1.04
962,-1.01
963,-1.02
964,0.9299999999999999
965,-1.0
966,0.91
967,-1.02
968,-1.04
969,0.9299999999999999
970,-1.01
971,-1.06
972,0.92
973,0.9299999999999999
974,0.92
975,0.9299999999999999
976,-1.06
977,-1.0
978,0.91
979,-1.03
980,0.91
981,-1.04
982,0.9299999999999999
983,-1.01
984,-1.04
985,-1.02
986,-1.0
987,-1.04
988,-1.01
989,0.9299999999999999
990,-1.02
991,-1.08
992,0.9299999999999999
993,-1.01
994,-1.04
995,-1.0
996,0.92
997,-1.06
998,-1.03
999,0.89
1000,0.91
1001,0.9299999999999999
1002,-1.03
1003,-1.0
1004,0.9299999999999999
1005,-1.05
1006,-1.02
1007,-1.0
1008,-1.01
1009,0.9299999999999999
1010,0.91
1011,-1.05
1012,0.9299999999999999
1013,-1.02
1014,0.88
1015,0.9299999999999999
1016,0.9299999999999999
1017,0.9299999999999999
1018,-1.05
1019,-1.0
1020,-1.02
1021,-1.01
1022,0.9299999999999999
1023,-1.01
1024,0.9299999999999999
1025,0.9299999999999999
1026,-1.06
1027,0.91
1028,0.9299999999999999
1029,-1.01
1030,0.9299999999999999
1031,0.9299999999999999
1032,-1.08
1033,0.9299999999999999
1034,0.9299999999999999
1035,0.9299999999999999
1036,-1.07
1037,-1.0
1038,-1.04
1039,-1.05
1040,0.89
1041,-1.03
1042,0.9299999999999999
1043,-1.02
1044,0.89
1045,-1.01
1046,-1.02
1047,-1.03
1048,0.9
1049,-1.03
1050,-1.03
1051,-1.06
1052,-1.06
1053,-1.03
1054,0.9299999999999999
1055,-1.07
1056,0.92
1057,-1.02
1058,0.91
1059,0.9299999999999999
1060,-1.05
1061,-1.06
1062,-1.1
1063,-1.02
1064,-1.03
1065,0.9299999999999999
1066,-1.02
1067,-1.06
1068,-1.0
1069,0.91
1070,-1.07
1071,0.91
1072,-1.01
1073,-1.0
1074,0.92
1075,-1.04
1076,-1.0
1077,-1.06
1078,-1.01
1079,0.89
1080,-1.01
1081,-1.0
1082,-1.03
1083,-1.03
1084,-1.04
1085,0.91
1086,0.9299999999999999
1087,-1.07
1088,0.9299999999999999
1089,-1.01
1090,-1.01
1091,0.9299999999999999
1092,-1.06
1093,0.9299999999999999
1094,-1.03
1095,-1.1
1096,0.91
1097,0.9299999999999999
1098,-1.05
1099,0.9299999999999999
1100,-1.03
1101,0.9299999999999999
1102,-1.01
1103,-1.05
1104,-1.07
1105,-1.01
1106,-1.04
1107,-1.06
1108,-1.06
1109,0.9299999999999999
1110,-1.0
1111,-1.04
1112,-1.04
1113,-1.01
1114,-1.08
1115,-1.05
1116,-1.06
1117,-1.04
1118,-1.01
1119,0.9299999999999999
1120,-1.0
1121,-1.04
1122,0.9299999999999999
1123,0.91
1124,-1.06
1125,0.9299999999999999
1126,-1.01
1127,-1.01
1128,-1.06
1129,-1.04
1130,-1.04
1131,-1.04
1132,-1.06
1133,-1.05
1134,-1.06
1135,-1.01
1136,-1.0
1137,-1.04
1138,-1.01
1139,0.9299999999999999
1140,-1.0
1141,-1.04
1142,0.9299999999999999
1143,-1.01
1144,0.9299999999999999
1145,-1.03
1146,-1.06
1147,-1.04
1148,-1.06
1149,0.9299999999999999
1150,0.91
1151,-1.03
1152,0.89
1153,-1.07
1154,-1.03
1155,-1.0
1156,0.9299999999999999
1157,-1.05
1158,-1.04
1159,0.9299999999999999
1160,0.9299999999999999
1161,-1.1
1162,-1.1
1163,-1.02
1164,-1.06
1165,-1.05
1166,-1.06
1167,-1.07
1168,-1.02
1169,-1.0
1170,-1.0
1171,-1.05
1172,0.9299999999999999
1173,-1.07
1174,-1.02
1175,-1.05
1176,-1.05
1177,-1.01
1178,-1.02
1179,0.92
1180,-1.02
1181,-1.01
1182,0.9299999999999999
1183,-1.0
1184,-1.03
1185,0.9299999999999999
1186,-1.07
1187,0.91
1188,-1.01
1189,-1.0
1190,0.9299999999999999
1191,-1.02
1192,0.9299999999999999
1193,-1.06
1194,-1.06
1195,0.91
1196,-1.0
1197,-1.01
1198,-1.0
1199,-1.0
1200,0.89
1201,0.92
1202,-1.0
1203,-1.02
1204,0.9299999999999999
1205,-1.05
1206,0.89
1207,-1.07
1208,-1.06
1209,0.92
1210,-1.05
1211,-1.03
1212,-1.0
1213,0.9299999999999999
1214,-1.01
1215,-1.03
1216,-1.07
1217,-1.04
1218,-1.04
1219,-1.01
1220,0.9299999999999999
1221,-1.0
1222,-1.0
1223,-1.03
1224,-1.01
1225,-1.02
1226,-1.02
1227,0.9299999999999999
1228,-1.04
1229,-1.02
1230,-1.0
1231,-1.08
1232,0.92
1233,-1.07
1234,-1.06
1235,0.91
1236,-1.04
1237,-1.01
1238,-1.01
1239,-1.0
1240,-1.0
1241,-1.04
1242,-1.02
1243,-1.03
1244,0.91
1245,-1.02
1246,0.9299999999999999
1247,-1.05
1248,-1.03
1249,-1.08
1250,0.91
1251,-1.03
1252,0.9299999999999999
1253,-1.03
1254,0.9299999999999999
1255,-1.02
1256,-1.01
1257,-1.02
1258,-1.02
1259,-1.02
1260,0.9299999999999999
1261,-1.01
1262,0.91
1263,-1.03
1264,-1.03
1265,-1.02
1266,-1.02
1267,-1.03
1268,-1.0
1269,-1.08
1270,-1.0
1271,-1.05
1272,0.9299999999999999
1273,0.9299999999999999
1274,0.9299999999999999
1275,-1.02
1276,-1.03
1277,-1.03
1278,-1.04
1279,0.91
1280,-1.02
1281,0.91
1282,0.9299999999999999
1283,-1.02
1284,-1.0
1285,0.92
1286,-1.0
1287,-1.01
1288,-1.07
1289,-1.01
1290,-1.04
1291,-1.08
1292,-1.04
1293,0.9299999999999999
1294,-1.01
1295,-1.0
1296,0.9299999999999999
1297,-1.02
1298,0.9299999999999999
1299,-1.05
1300,-1.03
1301,-1.01
1302,-1.01
1303,-1.05
1304,-1.04
1305,-1.01
1306,-1.0
1307,-1.03
1308,-1.04
1309,-1.05
1310,-1.03
1311,0.9299999999999999
1312,-1.02
1313,-1.08
1314,-1.01
1315,-1.02
1316,-1.02
1317,0.9299999999999999
1318,-1.0
1319,-1.1
1320,-1.04
1321,0.91
1322,-1.05
1323,-1.05
1324,0.9299999999999999
1325,-1.07
1326,0.91
1327,-1.0
1328,-1.05
1329,-1.0
1330,0.92
1331,0.9299999999999999
1332,-1.02
1333,-1.01
1334,-1.05
1335,-1.01
1336,-1.0
1337,-1.02
1338,0.9299999999999999
1339,-1.04
1340,-1.0
1341,-1.03
1342,-1.0
1343,0.92
1344,-1.0
1345,-1.05
1346,-1.04
1347,-1.0
1348,0.91
1349,-1.02
1350,-1.06
1351,0.9299999999999999
1352,-1.04
1353,0.9299999999999999
1354,-1.03
1355,0.9299999999999999
1356,0.92
1357,0.92
1358,0.91
1359,-1.06
1360,-1.02
1361,-1.01
1362,0.9299999999999999
1363,0.9299999999999999
1364,-1.02
1365,-1.0
1366,-1.01
1367,0.9299999999999999
1368,0.9299999999999999
1369,-1.04
1370,-1.03
1371,-1.04
1372,-1.02
1373,-1.08
1374,-1.01
1375,-1.01
1376,0.9
1377,-1.04
1378,-1.08
1379,-1.06
1380,-1.06
1381,-1.07
1382,-1.02
1383,-1.0
1384,-1.01
1385,0.9299999999999999
1386,-1.03
1387,0.9
1388,-1.01
1389,-1.06
1390,-1.04
1391,-1.06
1392,-1.01
1393,-1.04
1394,-1.02
1395,-1.01
1396,-1.02
1397,-1.05
1398,-1.07
1399,0.92
1400,-1.05
1401,-1.03
1402,-1.01
1403,-1.01
1404,-1.02
1405,-1.06
1406,-1.05
1407,-1.01
1408,-1.02
1409,-1.05
1410,-1.04
1411,-1.01
1412,0.9299999999999999
1413,0.9299999999999999
1414,-1.02
1415,0.91
1416,0.91
1417,-1.07
1418,-1.08
1419,-1.03
1420,0.9299999999999999
1421,-1.0
1422,0.9299999999999999
1423,-1.06
1424,-1.04
1425,-1.01
1426,-1.02
1427,-1.03
1428,-1.07
1429,0.9
1430,0.9299999999999999
1431,0.9299999999999999
1432,-1.01
1433,-1.0
1434,0.88
1435,-1.01
1436,-1.01
1437,-1.02
1438,-1.0
1439,-1.03
1440,0.91
1441,-1.08
1442,-1.0
1443,0.9299999999999999
1444,-1.04
1445,-1.07
1446,0.9299999999999999
1447,0.91
1448,-1.07
1449,-1.0
1450,0.92
1451,-1.0
1452,-1.06
1453,-1.05
1454,0.9299999999999999
1455,-1.02
1456,0.89
1457,-1.04
1458,-1.04
1459,0.9299999999999999
1460,0.92
1461,-1.01
1462,-1.0
1463,-1.06
1464,-1.05
1465,-1.01
1466,0.9299999999999999
1467,0.92
1468,0.91
1469,0.9299999999999999
1470,-1.04
1471,-1.02
1472,-1.06
1473,-1.0
1474,-1.03
1475,-1.06
1476,-1.05
1477,-1.05
1478,-1.08
1479,-1.04
1480,-1.05
1481,-1.07
1482,-1.02
1483,0.9299999999999999
1484,-1.03
1485,0.9299999999999999
1486,-1.0
1487,-1.05
1488,0.9299999999999999
1489,-1.01
1490,0.92
1491,-1.05
1492,-1.05
1493,0.91
1494,0.87
1495,-1.01
1496,-1.03
1497,-1.01
1498,-1.01
1499,0.91
1500,-1.05
1501,-1.01
1502,0.9299999999999999
1503,-1.1099999999999999
1504,0.9
1505,-1.03
1506,-1.04
1507,-1.01
1508,0.9299999999999999
1509,-1.04
1510,-1.03
1511,0.9299999999999999
1512,-1.02
1513,-1.02
1514,0.9299999999999999
1515,0.92
1516,0.87
1517,0.9299999999999999
1518,-1.02
1519,-1.01
1520,0.92
1521,-1.0
1522,-1.01
1523,-1.02
1524,0.9
1525,0.91
1526,-1.0
1527,-1.02
1528,-1.06
1529,-1.03
1530,0.92
1531,-1.1099999999999999
1532,0.91
1533,0.92
1534,0.9299999999999999
1535,-1.06
1536,-1.01
1537,-1.0
1538,0.9299999999999999
1539,0.92
1540,0.9299999999999999
1541,0.92
1542,-1.04
1543,-1.01
1544,0.9299999999999999
1545,0.92
1546,-1.02
1547,-1.01
1548,-1.0
1549,0.92
1550,-1.04
1551,-1.07
1552,-1.01
1553,0.9299999999999999
1554,-1.01
1555,0.89
1556,0.9299999999999999
1557,-1.0
1558,0.9299999999999999
1559,-1.01
1560,-1.02
1561,0.9299999999999999
1562,-1.0
1563,-1.02
1564,0.91
1565,0.9299999999999999
1566,0.91
1567,-1.0
1568,0.9299999999999999
1569,-1.08
1570,-1.04
1571,-1.01
1572,-1.04
1573,-1.02
1574,0.9299999999999999
1575,-1.04
1576,-1.08
1577,-1.04
1578,-1.0
1579,-1.07
1580,-1.01
1581,-1.01
1582,0.9299999999999999
1583,-1.07
1584,-1.02
1585,0.9299999999999999
1586,-1.01
1587,-1.05
1588,-1.05
1589,0.91
1590,-1.04
1591,0.9299999999999999
1592,-1.02
1593,0.91
1594,-1.06
1595,-1.0
1596,-1.02
1597,-1.03
1598,-1.03
1599,-1.01
1600,-1.09
1601,-1.01
1602,-1.04
1603,-1.03
1604,0.91
1605,0.9299999999999999
1606,-1.04
1607,-1.06
1608,-1.02
1609,0.9299999999999999
1610,-1.05
1611,-1.01
1612,0.92
1613,0.9299999999999999
1614,-1.01
1615,0.9
1616,0.92
1617,0.9299999999999999
1618,-1.0
1619,-1.06
1620,-1.06
1621,-1.0
1622,0.9299999999999999
1623,-1.03
1624,-1.07
1625,0.91
1626,0.9299999999999999
1627,-1.03
1628,-1.01
1629,-1.02
1630,-1.0
1631,-1.02
1632,-1.0
1633,-1.03
1634,0.9299999999999999
1635,-1.03
1636,-1.02
1637,-1.05
1638,-1.06
1639,-1.03
1640,0.9299999999999999
1641,0.91
1642,-1.02
1643,-1.02
1644,0.92
1645,-1.01
1646,0.92
1647,-1.03
1648,0.89
1649,0.9299999999999999
1650,-1.0
1651,0.9
1652,0.92
1653,0.92
1654,0.9299999999999999
1655,-1.04
1656,-1.05
1657,-1.06
1658,0.91
1659,0.9299999999999999
1660,-1.0
1661,-1.07
1662,0.9299999999999999
1663,-1.01
1664,-1.02
1665,-1.03
1666,-1.0
1667,-1.05
1668,-1.0
1669,0.9299999999999999
1670,-1.0
1671,-1.0
1672,-1.06
1673,0.89
1674,0.9299999999999999
1675,-1.1
1676,-1.04
1677,-1.0
1678,-1.05
1679,-1.04
1680,-1.01
1681,-1.02
1682,-1.02
1683,0.9299999999999999
1684,0.92
1685,-1.0
1686,-1.09
1687,0.9299999999999999
1688,-1.0
1689,-1.05
1690,-1.04
1691,-1.07
1692,-1.03
1693,-1.02
1694,-1.0
1695,-1.07
1696,0.91
1697,-1.07
1698,-1.01
1699,0.9299999999999999
1700,-1.02
1701,0.91
1702,-1.02
1703,-1.03
1704,0.9299999999999999
1705,-1.06
1706,-1.07
1707,-1.05
1708,-1.1
1709,0.9299999999999999
1710,-1.02
1711,-1.0
1712,-1.0
1713,0.92
1714,-1.0
1715,-1.06
1716,0.9299999999999999
1717,0.9299999999999999
1718,-1.0
1719,-1.04
1720,0.91
1721,-1.03
1722,-1.02
1723,-1.0
1724,0.9299999999999999
1725,0.91
1726,-1.0
1727,-1.01
1728,-1.0
1729,-1.05
1730,0.9299999999999999
1731,-1.0
1732,-1.02
1733,-1.06
1734,-1.02
1735,0.92
1736,0.9299999999999999
1737,-1.0
1738,-1.03
1739,0.9299999999999999
1740,0.9299999999999999
1741,-1.02
1742,-1.04
1743,0.9299999999999999
1744,-1.0
1745,0.9299999999999999
1746,0.9299999999999999
1747,-1.03
1748,-1.04
1749,-1.03
1750,0.9299999999999999
1751,-1.03
1752,-1.0
1753,-1.05
1754,-1.03
1755,0.9299999999999999
1756,-1.0
1757,-1.04
1758,-1.01
1759,-1.04
1760,-1.06
1761,0.9299999999999999
1762,-1.02
1763,-1.06
1764,-1.02
1765,-1.06
1766,0.91
1767,-1.08
1768,-1.06
1769,0.89
1770,-1.02
1771,0.91
1772,-1.0
1773,-1.0
1774,-1.0
1775,-1.02
1776,0.87
1777,-1.03
1778,0.9299999999999999
1779,-1.06
1780,-1.05
1781,-1.02
1782,0.91
1783,0.92
1784,-1.04
1785,0.88
1786,-1.05
1787,-1.05
1788,-1.05
1789,-1.01
1790,0.92
1791,-1.04
1792,-1.02
1793,0.9299999999999999
1794,-1.02
1795,-1.02
1796,0.92
1797,0.9299999999999999
1798,-1.02
1799,-1.03
1800,-1.04
1801,-1.04
1802,0.9
1803,0.9299999999999999
1804,-1.04
1805,-1.01
1806,-1.01
1807,0.9299999999999999
1808,0.9299999999999999
1809,-1.01
1810,-1.05
1811,0.91
1812,0.9299999999999999
1813,-1.0
1814,-1.04
1815,-1.01
1816,0.9299999999999999
1817,-1.03
1818,-1.03
1819,0.91
1820,0.91
1821,0.92
1822,-1.04
1823,0.9299999999999999
1824,-1.0
1825,-1.05
1826,-1.01
1827,-1.03
1828,-1.04
1829,0.9
1830,0.9299999999999999
1831,-1.05
1832,-1.08
1833,0.9299999999999999
1834,0.87
1835,-1.08
1836,-1.0
1837,0.9299999999999999
1838,-1.05
1839,-1.02
1840,-1.05
1841,0.9299999999999999
1842,-1.05
1843,-1.06
1844,-1.04
1845,-1.0
1846,-1.03
1847,-1.07
1848,-1.08
1849,0.9299999999999999
1850,-1.05
1851,-1.08
1852,-1.03
1853,-1.01
1854,0.9299999999999999
1855,-1.08
1856,-1.03
1857,-1.02
1858,0.89
1859,-1.04
1860,-1.01
1861,-1.06
1862,0.91
1863,0.9299999999999999
1864,0.92
1865,0.92
1866,-1.0
1867,-1.02
1868,-1.04
1869,-1.02
1870,0.92
1871,-1.01
1872,-1.03
1873,0.92
1874,-1.01
1875,-1.02
1876,-1.03
1877,0.91
1878,0.89
1879,0.91
1880,0.9299999999999999
1881,0.9299999999999999
1882,-1.03
1883,-1.01
1884,-1.06
1885,-1.01
1886,-1.06
1887,-1.01
1888,-1.04
1889,-1.02
1890,-1.0
1891,0.91
1892,0.92
1893,-1.0
1894,0.9299999999999999
1895,-1.03
1896,-1.02
1897,0.9299999999999999
1898,0.9299999999999999
1899,-1.02
1900,-1.04
1901,0.9299999999999999
1902,0.92
1903,-1.0
1904,-1.02
1905,-1.0
1906,-1.03
1907,0.9299999999999999
1908,0.9299999999999999
1909,-1.0
1910,-1.02
1911,-1.05
1912,-1.03
1913,-1.04
1914,-1.02
1915,0.9
1916,-1.03
1917,-1.02
1918,0.9299999999999999
1919,0.91
1920,-1.0
1921,-1.04
1922,0.9299999999999999
1923,0.9299999999999999
1924,0.9299999999999999
1925,-1.02
1926,-1.04
1927,0.9299999999999999
1928,-1.0
1929,0.91
1930,-1.02
1931,0.89
1932,-1.02
1933,-1.0
1934,0.9299999999999999
1935,-1.08
1936,0.9299999999999999
1937,-1.0
1938,-1.08
1939,-1.0
1940,-1.04
1941,-1.06
1942,-1.01
1943,0.9299999999999999
1944,-1.02
1945,0.91
1946,-1.06
1947,0.9299999999999999
1948,-1.03
1949,0.9
1950,-1.0
1951,-1.04
1952,-1.0
1953,0.9
1954,-1.09
1955,0.9299999999999999
1956,-1.1
1957,-1.1
1958,-1.02
1959,-1.06
1960,-1.02
1961,-1.03
1962,-1.0
1963,-1.02
1964,-1.05
1965,-1.0
1966,-1.04
1967,-1.03
1968,-1.01
1969,-1.0
1970,-1.04
1971,0.9299999999999999
1972,-1.02
1973,-1.0
1974,0.89
1975,0.9299999999999999
1976,-1.01
1977,-1.06
1978,-1.07
1979,0.92
1980,-1.06
1981,-1.03
1982,-1.0
1983,0.92
1984,-1.06
1985,-1.0
1986,-1.02
1987,-1.03
1988,0.9299999999999999
1989,0.91
1990,-1.0
1991,0.9299999999999999
1992,-1.02
1993,0.92
1994,0.9299999999999999
1995,-1.03
1996,0.9299999999999999
1997,0.9299999999999999
1998,-1.01
1999,-1.03
2000,0.9299999999999999
2001,-1.0
2002,-1.03
2003,-1.01
2004,-1.02
2005,-1.02
2006,-1.01
2007,-1.06
2008,0.9299999999999999
2009,-1.01
2010,0.91
2011,-1.01
2012,-1.04
2013,0.9299999999999999
2014,-1.03
2015,-1.01
2016,-1.02
2017,-1.03
2018,-1.05
2019,-1.03
2020,0.9
2021,-1.01
2022,-1.0
2023,0.9299999999999999
2024,-1.05
2025,-1.02
2026,-1.07
2027,-1.01
2028,-1.06
2029,0.91
2030,-1.01
2031,0.9
2032,-1.03
2033,-1.05
2034,-1.03
2035,-1.01
2036,0.91
2037,0.91
2038,-1.03
2039,0.9299999999999999
2040,-1.07
2041,-1.04
2042,0.91
2043,0.9299999999999999
2044,0.92
2045,-1.02
2046,-1.04
2047,0.9299999999999999
2048,-1.08
2049,-1.06
2050,-1.01
2051,-1.01
2052,0.89
2053,0.9299999999999999
2054,0.89
2055,0.89
2056,0.92
2057,-1.08
2058,-1.02
2059,0.92
2060,-1.03
2061,-1.05
2062,-1.04
2063,0.91
2064,-1.06
2065,-1.05
2066,0.89
2067,-1.04
2068,-1.0
2069,-1.02
2070,-1.01
2071,-1.07
2072,-1.03
2073,-1.02
2074,-1.04
2075,0.91
2076,-1.01
2077,-1.01
2078,-1.04
2079,-1.0
2080,-1.05
2081,-1.02
2082,0.9299999999999999
2083,-1.02
2084,0.92
2085,-1.01
2086,-1.0
2087,0.9299999999999999
2088,0.9299999999999999
2089,0.92
2090,-1.03
2091,0.9299999999999999
2092,0.9299999999999999
2093,-1.0
2094,-1.0
2095,-1.0
2096,0.9299999999999999
2097,-1.07
2098,0.91
2099,-1.01
2100,-1.03
2101,-1.04
2102,-1.03
2103,-1.0
2104,0.9299999999999999
2105,0.9299999999999999
2106,-1.05
2107,-1.07
2108,0.9299999999999999
2109,0.92
2110,-1.06
2111,-1.07
2112,0.91
2113,0.92
2114,-1.01
2115,0.9299999999999999
2116,-1.04
2117,-1.06
2118,-1.05
2119,-1.02
2120,-1.05
2121,-1.0
2122,-1.0
2123,0.9299999999999999
2124,-1.02
2125,0.91
2126,0.9299999999999999
2127,-1.03
2128,0.9299999999999999
2129,-1.1
2130,-1.04
2131,-1.05
2132,-1.01
2133,-1.01
2134,0.9299999999999999
2135,-1.04
2136,-1.07
2137,-1.0
2138,0.9299999999999999
2139,-1.04
2140,-1.04
2141,0.9299999999999999
2142,-1.06
2143,-1.0
2144,0.9
2145,-1.0
2146,-1.01
2147,-1.01
2148,-1.02
2149,-1.06
2150,0.9299999999999999
2151,-1.04
2152,-1.0
2153,-1.03
2154,-1.04
2155,0.9
2156,0.9299999999999999
2157,0.92
2158,-1.06
2159,-1.09
2160,0.92
2161,-1.01
2162,-1.05
2163,-1.0
2164,-1.02
2165,-1.04
2166,-1.03
2167,-1.0
2168,-1.02
2169,0.9299999999999999
2170,-1.05
2171,-1.04
2172,-1.06
2173,-1.0
2174,0.92
2175,-1.05
2176,-1.03
2177,-1.1099999999999999
2178,-1.06
2179,-1.0
2180,-1.01
2181,0.92
2182,-1.1
2183,-1.05
2184,-1.02
2185,-1.02
2186,-1.0
2187,0.91
2188,-1.07
2189,-1.02
2190,-1.06
2191,0.9299999999999999
2192,-1.05
2193,0.9299999999999999
2194,0.91
2195,-1.06
2196,0.92
2197,0.9299999999999999
2198,-1.03
2199,-1.03
2200,-1.1099999999999999
2201,0.9299999999999999
2202,0.9299999999999999
2203,0.9
2204,-1.05
2205,0.9299999999999999
2206,-1.05
2207,0.9299999999999999
2208,-1.02
2209,0.91
2210,-1.0
2211,0.9299999999999999
2212,0.91
2213,0.9299999999999999
2214,-1.05
2215,-1.06
2216,-1.05
2217,-1.0
2218,-1.02
2219,-1.07
2220,-1.03
2221,-1.03
2222,0.91
2223,-1.02
2224,0.9299999999999999
2225,-1.04
2226,-1.01
2227,0.9299999999999999
2228,0.91
2229,-1.0
2230,-1.0
2231,-1.04
2232,-1.04
2233,0.9299999999999999
2234,0.9299999999999999
2235,-1.03
2236,-1.06
2237,-1.04
2238,0.9299999999999999
2239,-1.07
2240,0.9299999999999999
2241,0.9299999999999999
2242,0.89
2243,0.9299999999999999
2244,-1.04
2245,0.9299999999999999
2246,-1.07
2247,-1.02
2248,-1.05
2249,-1.04
2250,0.91
2251,-1.0
2252,-1.06
2253,0.91
2254,-1.0
2255,0.9
2256,0.9299999999999999
2257,0.91
2258,-1.05
2259,-1.02
2260,-1.05
2261,0.91
2262,-1.03
2263,-1.0
2264,-1.0
2265,-1.03
2266,-1.01
2267,-1.0
2268,-1.03
2269,-1.07
2270,-1.01
2271,0.9299999999999999
2272,-1.03
2273,-1.02
2274,-1.06
2275,-1.03
2276,-1.02
2277,-1.01
2278,-1.02
2279,0.91
2280,0.9299999999999999
2281,0.9299999999999999
2282,-1.03
2283,-1.01
2284,0.9299999999999999
2285,-1.04
2286,0.9299999999999999
2287,0.9299999999999999
2288,0.9299999999999999
2289,0.9299999999999999
2290,0.91
2291,-1.0
2292,0.9299999999999999
2293,-1.01
2294,-1.05
2295,-1.01
2296,0.9299999999999999
2297,0.92
2298,0.9299999999999999
2299,0.91
2300,0.9299999999999999
2301,-1.01
2302,-1.04
2303,-1.03
2304,0.91
2305,-1.01
2306,0.89
2307,-1.05
2308,0.91
2309,-1.04
2310,0.9299999999999999
2311,-1.02
2312,-1.04
2313,-1.0
2314,-1.0
2315,-1.08
2316,-1.03
2317,0.92
2318,-1.05
2319,-1.02
2320,-1.03
2321,0.9299999999999999
2322,-1.01
2323,-1.0
2324,-1.05
2325,0.91
2326,0.9299999999999999
2327,0.9299999999999999
2328,-1.1
2329,0.9299999999999999
2330,0.87
2331,0.91
2332,-1.07
2333,-1.06
2334,0.9299999999999999
2335,0.91
2336,-1.05
2337,0.9299999999999999
2338,0.91
2339,-1.03
2340,-1.06
2341,0.9299999999999999
2342,0.9
2343,-1.01
2344,0.9299999999999999
2345,0.9299999999999999
2346,-1.0
2347,0.92
2348,-1.01
2349,-1.02
2350,0.91
2351,-1.01
2352,-1.04
2353,0.92
2354,-1.0
2355,-1.08
2356,-1.05
2357,-1.06
2358,-1.0
2359,-1.04
2360,-1.02
2361,0.9299999999999999
2362,-1.01
2363,-1.02
2364,-1.0
2365,-1.06
2366,0.9299999999999999
2367,-1.05
2368,-1.04
2369,0.9299999999999999
2370,-1.01
2371,-1.06
2372,-1.04
2373,0.9299999999999999
2374,-1.0
2375,0.9299999999999999
2376,0.9299999999999999
2377,0.92
2378,0.9299999999999999
2379,-1.06
2380,-1.0
2381,0.9299999999999999
2382,0.91
2383,-1.02
2384,-1.02
2385,-1.0
2386,-1.0
2387,-1.03
2388,-1.05
2389,-1.01
2390,-1.04
2391,-1.06
2392,-1.01
2393,-1.04
2394,-1.06
2395,-1.06
2396,-1.02
2397,-1.02
2398,0.9299999999999999
2399,-1.06
2400,0.9299999999999999
2401,0.9299999999999999
2402,0.92
2403,-1.06
2404,-1.02
2405,-1.05
2406,0.9299999999999999
2407,0.91
2408,-1.01
2409,-1.01
2410,-1.02
2411,0.9299999999999999
2412,-1.04
2413,0.9299999999999999
2414,0.89
2415,-1.03
2416,-1.01
2417,0.92
2418,-1.04
2419,-1.06
2420,0.9
2421,-1.01
2422,-1.0
2423,-1.01
2424,-1.04
2425,0.9299999999999999
2426,-1.01
2427,-1.03
2428,0.92
2429,0.9299999999999999
2430,0.91
2431,-1.05
2432,0.92
2433,0.9299999999999999
2434,0.9299999999999999
2435,-1.01
2436,-1.01
2437,0.91
2438,-1.06
2439,-1.04
2440,-1.0
2441,-1.01
2442,-1.07
2443,0.9
2444,-1.02
2445,-1.02
2446,0.91
2447,-1.02
2448,0.9299999999999999
2449,0.9299999999999999
2450,0.9299999999999999
2451,-1.01
2452,-1.05
2453,-1.0
2454,-1.03
2455,0.9299999999999999
2456,-1.0
2457,-1.05
2458,-1.01
2459,0.91
2460,-1.01
2461,-1.0
2462,-1.0
2463,0.9299999999999999
2464,0.91
2465,-1.0
2466,-1.0
2467,-1.03
2468,-1.02
2469,-1.03
2470,-1.01
2471,-1.03
2472,-1.02
2473,-1.0
2474,0.9299999999999999
2475,-1.07
2476,-1.03
2477,-1.02
2478,-1.02
2479,0.9299999999999999
2480,-1.06
2481,0.9299999999999999
2482,0.9299999999999999
2483,-1.02
2484,0.9299999999999999
2485,0.92
2486,-1.04
2487,-1.02
2488,0.92
2489,-1.0
2490,-1.04
2491,0.9299999999999999
2492,-1.04
2493,-1.0
2494,0.9299999999999999
2495,-1.01
2496,-1.02
2497,-1.0
2498,-1.03
2499,-1.04
2500,0.9299999999999999
2501,-1.02
2502,-1.05
2503,-1.02
2504,-1.02
2505,-1.05
2506,-1.02
2507,0.92
2508,0.9299999999999999
2509,-1.03
2510,0.92
2511,-1.01
2512,0.92
2513,0.89
2514,-1.03
2515,0.92
2516,-1.06
2517,0.9299999999999999
2518,-1.0
2519,-1.0
2520,-1.04
2521,-1.03
2522,-1.05
2523,-1.02
2524,-1.0
2525,-1.0
2526,-1.01
2527,-1.02
2528,-1.05
2529,0.9299999999999999
2530,-1.01
2531,-1.0
2532,-1.05
2533,-1.03
2534,0.9299999999999999
2535,-1.0
2536,-1.04
2537,-1.03
2538,-1.0
2539,-1.04
2540,-1.01
2541,-1.02
2542,-1.02
2543,0.9299999999999999
2544,-1.03
2545,-1.06
2546,-1.0
2547,-1.05
2548,-1.04
2549,0.9299999999999999
2550,-1.0
2551,-1.0
2552,0.9299999999999999
2553,-1.0
2554,-1.02
2555,-1.0
2556,0.9299999999999999
2557,-1.04
2558,-1.02
2559,-1.02
2560,-1.02
2561,-1.08
2562,-1.0
2563,-1.01
2564,-1.01
2565,-1.06
2566,-1.01
2567,-1.0
2568,0.9299999999999999
2569,-1.05
2570,-1.06
2571,0.92
2572,0.9299999999999999
2573,-1.04
2574,-1.07
2575,-1.04
2576,0.91
2577,-1.0
2578,0.88
2579,-1.02
2580,-1.01
2581,-1.0
2582,-1.02
2583,-1.01
2584,-1.03
2585,0.91
2586,0.9
2587,0.9299999999999999
2588,-1.06
2589,-1.04
2590,-1.0
2591,-1.02
2592,0.92
2593,0.91
2594,-1.04
2595,0.9299999999999999
2596,0.9299999999999999
2597,-1.01
2598,-1.06
2599,-1.0
2600,-1.01
2601,-1.07
2602,-1.03
2603,-1.06
2604,-1.0
2605,-1.05
2606,-1.02
2607,-1.01
2608,-1.07
2609,0.9299999999999999
2610,-1.03
2611,-1.0
2612,0.92
2613,0.91
2614,0.9299999999999999
2615,-1.01
2616,-1.06
2617,-1.03
2618,0.91
2619,0.9299999999999999
2620,-1.02
2621,-1.0
2622,0.92
2623,0.9299999999999999
2624,0.9299999999999999
2625,-1.05
2626,-1.01
2627,0.9299999999999999
2628,0.9299999999999999
2629,-1.0
2630,0.92
2631,0.92
2632,-1.06
2633,-1.03
2634,0.9299999999999999
2635,-1.0
2636,-1.02
2637,0.91
2638,-1.01
2639,-1.0
2640,0.91
2641,-1.03
2642,-1.01
2643,-1.01
2644,-1.01
2645,0.9299999999999999
2646,-1.05
2647,0.9299999999999999
2648,-1.01
2649,0.86
2650,0.9299999999999999
2651,-1.07
2652,-1.01
2653,0.9299999999999999
2654,0.9
2655,0.9299999999999999
2656,-1.01
2657,0.9
2658,0.9299999999999999
2659,-1.02
2660,-1.01
2661,0.9
2662,-1.02
2663,-1.03
2664,-1.07
2665,-1.04
2666,-1.05
2667,0.9299999999999999
2668,-1.04
2669,-1.04
2670,0.92
2671,0.91
2672,0.9299999999999999
2673,-1.08
2674,-1.07
2675,-1.03
2676,-1.01
2677,-1.01
2678,-1.1
2679,-1.05
2680,0.9299999999999999
2681,0.9299999999999999
2682,-1.05
2683,-1.01
2684,-1.04
2685,0.9299999999999999
2686,-1.03
2687,0.9
2688,-1.0
2689,0.9299999999999999
2690,-1.0
2691,-1.02
2692,-1.05
2693,-1.08
2694,-1.05
2695,-1.02
2696,-1.01
2697,-1.01
2698,-1.02
2699,-1.01
2700,-1.05
2701,-1.05
2702,-1.04
2703,-1.05
2704,-1.1099999999999999
2705,-1.0
2706,-1.03
2707,-1.05
2708,-1.0
2709,-1.04
2710,-1.03
2711,-1.06
2712,-1.02
2713,-1.06
2714,-1.06
2715,-1.03
2716,-1.07
2717,-1.01
2718,-1.07
2719,-1.1099999999999999
2720,-1.06
2721,0.9299999999999999
2722,-1.02
2723,-1.02
2724,-1.03
2725,-1.01
2726,-1.01
2727,-1.05
2728,-1.04
2729,-1.0
2730,-1.04
2731,-1.05
2732,0.91
2733,-1.08
2734,-1.03
2735,-1.04
2736,-1.05
2737,-1.01
2738,0.9299999999999999
2739,0.9299999999999999
2740,-1.0
2741,-1.0
2742,-1.07
2743,-1.1099999999999999
2744,-1.04
2745,-1.0
2746,-1.03
2747,-1.04
2748,-1.05
2749,-1.01
2750,-1.0
2751,0.9299999999999999
2752,-1.03
2753,-1.06
2754,-1.01
2755,0.9299999999999999
2756,0.9299999999999999
2757,-1.01
2758,-1.0
2759,-1.0
2760,-1.03
2761,-1.04
2762,-1.03
2763,-1.02
2764,-1.04
2765,-1.06
2766,-1.01
2767,-1.01
2768,-1.01
2769,-1.01
2770,-1.03
2771,-1.0
2772,-1.08
2773,-1.06
2774,0.9299999999999999
2775,0.9299999999999999
2776,-1.07
2777,-1.06
2778,-1.05
2779,-1.0
2780,-1.0
2781,-1.0
2782,-1.06
2783,-1.04
2784,0.91
2785,-1.02
2786,-1.03
2787,-1.06
2788,0.92
2789,0.9299999999999999
2790,0.92
2791,-1.01
2792,-1.05
2793,0.89
2794,-1.08
2795,-1.02
2796,-1.0
2797,0.91
2798,-1.03
2799,0.9299999999999999
2800,0.9299999999999999
2801,0.9299999999999999
2802,0.91
2803,-1.05
2804,-1.04
2805,-1.02
2806,-1.04
2807,-1.03
2808,-1.04
2809,-1.0
2810,-1.04
2811,0.9299999999999999
2812,0.91
2813,0.88
2814,0.91
2815,-1.01
2816,-1.02
2817,0.92
2818,0.92
2819,0.9299999999999999
2820,0.9299999999999999
2821,0.92
2822,-1.06
2823,-1.06
2824,0.89
2825,0.92
2826,0.91
2827,0.9299999999999999
2828,0.9299999999999999
2829,0.9299999999999999
2830,-1.05
2831,-1.03
2832,-1.03
2833,-1.0
2834,0.91
2835,-1.03
2836,-1.01
2837,-1.0
2838,-1.01
2839,-1.02
2840,0.9299999999999999
2841,-1.0
2842,-1.0
2843,-1.03
2844,-1.01
2845,-1.07
2846,-1.06
2847,0.9
2848,-1.07
2849,0.9299999999999999
2850,0.92
2851,0.92
2852,-1.04
2853,-1.01
2854,0.9299999999999999
2855,0.91
2856,0.9299999999999999
2857,0.9299999999999999
2858,-1.02
2859,-1.06
2860,-1.04
2861,-1.0
2862,-1.03
2863,-1.02
2864,-1.0
2865,-1.02
2866,-1.05
2867,-1.0
2868,-1.06
2869,-1.02
2870,-1.0
2871,0.9299999999999999
2872,0.9299999999999999
2873,-1.03
2874,-1.04
2875,-1.02
2876,-1.03
2877,-1.0
2878,-1.03
2879,-1.0
2880,0.9299999999999999
2881,-1.04
2882,-1.08
2883,0.9299999999999999
2884,-1.1
2885,-1.0
2886,-1.0
2887,0.9299999999999999
2888,0.92
2889,-1.05
2890,-1.06
2891,-1.04
2892,0.91
2893,-1.0
2894,-1.03
2895,-1.03
2896,-1.04
2897,-1.02
2898,-1.0
2899,-1.02
2900,-1.0
2901,0.92
2902,0.9299999999999999
2903,-1.02
2904,-1.02
2905,-1.01
2906,0.92
2907,0.91
2908,-1.04
2909,-1.04
2910,0.9299999999999999
2911,-1.01
2912,-1.04
2913,0.9299999999999999
2914,0.9299999999999999
2915,0.9299999999999999
2916,-1.0
2917,0.92
2918,0.9299999999999999
2919,-1.02
2920,-1.03
2921,0.9299999999999999
2922,-1.02
2923,0.9299999999999999
2924,-1.05
2925,-1.05
2926,0.9299999999999999
2927,-1.04
2928,-1.01
2929,-1.06
2930,-1.02
2931,-1.0
2932,0.92
2933,-1.05
2934,-1.02
2935,-1.01
2936,0.89
2937,-1.05
2938,0.88
2939,-1.02
2940,-1.01
2941,0.9299999999999999
2942,-1.06
2943,0.9299999999999999
2944,-1.02
2945,-1.06
2946,-1.07
2947,0.9299999999999999
2948,0.9299999999999999
2949,-1.1
2950,-1.03
2951,-1.05
2952,0.89
2953,-1.08
2954,-1.0
2955,-1.03
2956,-1.01
2957,-1.04
2958,-1.08
2959,0.92
2960,0.92
2961,-1.05
2962,-1.02
2963,0.9299999999999999
2964,0.9299999999999999
2965,0.9299999999999999
2966,0.9299999999999999
2967,0.89
2968,-1.01
2969,-1.01
2970,-1.02
2971,-1.01
2972,-1.02
2973,-1.06
2974,-1.06
2975,0.9299999999999999
2976,-1.02
2977,0.9299999999999999
2978,0.9
2979,-1.06
2980,-1.02
2981,-1.02
2982,-1.03
2983,-1.02
2984,-1.01
2985,-1.02
2986,0.91
2987,-1.06
2988,0.9299999999999999
2989,-1.05
2990,0.9299999999999999
2991,-1.0
2992,-1.03
2993,-1.01
2994,-1.0
2995,0.9299999999999999
2996,-1.03
2997,-1.04
2998,-1.02
2999,-1.07
3000,-1.08
3001,-1.01
3002,-1.01
3003,-1.05
3004,0.9299999999999999
3005,0.92
3006,-1.01
3007,0.9299999999999999
3008,-1.06
3009,0.9299999999999999
3010,0.9299999999999999
3011,-1.01
3012,-1.04
3013,-1.05
3014,-1.0
3015,-1.01
3016,0.9299999999999999
3017,-1.03
3018,-1.06
3019,-1.02
3020,-1.0
3021,-1.02
3022,0.9299999999999999
3023,-1.04
3024,-1.04
3025,0.9
3026,-1.04
3027,-1.01
3028,-1.04
3029,-1.05
3030,0.9299999999999999
3031,0.9299999999999999
3032,-1.08
3033,0.89
3034,0.9299999999999999
3035,-1.02
3036,-1.04
3037,-1.0
3038,0.87
3039,0.89
3040,-1.03
3041,-1.05
3042,0.9299999999999999
3043,0.91
3044,0.91
3045,-1.03
3046,-1.06
3047,-1.01
3048,-1.1
3049,0.9299999999999999
3050,-1.01
3051,-1.06
3052,-1.09
3053,-1.0
3054,-1.03
3055,-1.0
3056,-1.07
3057,-1.01
3058,-1.01
3059,-1.03
3060,0.9299999999999999
3061,0.91
3062,-1.0
3063,-1.01
3064,0.92
3065,0.91
3066,0.92
3067,-1.05
3068,-1.02
3069,-1.03
3070,-1.06
3071,-1.01
3072,-1.04
3073,-1.03
3074,-1.04
3075,0.9299999999999999
3076,-1.03
3077,-1.03
3078,0.9299999999999999
3079,-1.0
3080,0.91
3081,-1.01
3082,-1.1099999999999999
3083,-1.06
3084,-1.05
3085,0.9299999999999999
3086,0.91
3087,0.9299999999999999
3088,-1.0
3089,0.88
3090,-1.02
3091,-1.0
3092,-1.02
3093,-1.02
3094,-1.02
3095,-1.0
3096,-1.06
3097,0.9299999999999999
3098,-1.02
3099,0.9299999999999999
3100,-1.03
3101,-1.04
3102,-1.04
3103,-1.01
3104,-1.0
3105,0.9299999999999999
3106,-1.02
3107,-1.05
3108,-1.06
3109,-1.01
3110,-1.01
3111,0.9299999999999999
3112,-1.03
3113,-1.05
3114,-1.02
3115,-1.04
3116,0.92
3117,-1.01
3118,-1.0
3119,0.9299999999999999
3120,-1.05
3121,-1.02
3122,-1.06
3123,0.92
3124,-1.02
3125,-1.06
3126,-1.03
3127,0.9299999999999999
3128,-1.01
3129,-1.03
3130,-1.0
3131,-1.05
3132,-1.0
3133,0.9299999999999999
3134,-1.04
3135,-1.04
3136,0.87
3137,-1.01
3138,-1.03
3139,-1.0
3140,-1.03
3141,-1.08
3142,0.9299999999999999
3143,-1.0
3144,-1.02
3145,-1.02
3146,-1.06
3147,0.91
3148,0.9
3149,-1.02
3150,-1.04
3151,-1.05
3152,0.9299999999999999
3153,-1.02
3154,0.9299999999999999
3155,-1.02
3156,-1.02
3157,-1.02
3158,-1.0
3159,-1.0
3160,-1.05
3161,0.9299999999999999
3162,-1.02
3163,-1.07
3164,-1.0
3165,0.9
3166,-1.05
3167,-1.01
3168,-1.0
3169,-1.04
3170,-1.0
3171,-1.03
3172,-1.05
3173,-1.03
3174,-1.01
3175,-1.02
3176,0.9299999999999999
3177,-1.01
3178,-1.05
3179,-1.0
3180,-1.06
3181,-1.0
3182,0.9299999999999999
3183,-1.02
3184,-1.06
3185,-1.0
3186,-1.08
3187,-1.04
3188,0.9299999999999999
3189,-1.06
3190,0.92
3191,-1.01
3192,-1.02
3193,-1.02
3194,0.9299999999999999
3195,0.9299999999999999
3196,-1.0
3197,-1.01
3198,-1.0
3199,0.91
3200,-1.02
3201,-1.06
3202,0.9299999999999999
3203,0.9299999999999999
3204,0.9299999999999999
3205,0.9
3206,-1.01
3207,-1.03
3208,-1.05
3209,-1.02
3210,-1.05
3211,-1.1
3212,-1.0
3213,0.9299999999999999
3214,0.9299999999999999
3215,-1.0
3216,-1.0
3217,-1.01
3218,-1.04
3219,-1.01
3220,-1.04
3221,-1.01
3222,0.9299999999999999
3223,-1.01
3224,-1.05
3225,-1.0
3226,-1.0
3227,-1.04
3228,-1.06
3229,0.9299999999999999
3230,-1.03
3231,-1.0
3232,-1.0
3233,0.9299999999999999
3234,0.91
3235,-1.01
3236,-1.04
3237,-1.07
3238,-1.04
3239,-1.04
3240,0.91
3241,0.9
3242,-1.08
3243,0.9299999999999999
3244,0.9299999999999999
3245,-1.01
3246,-1.06
3247,-1.1
3248,-1.01
3249,-1.01
3250,-1.01
3251,-1.02
3252,-1.03
3253,0.9299999999999999
3254,-1.01
3255,0.91
3256,-1.01
3257,-1.1
3258,-1.0
3259,0.92
3260,-1.04
3261,0.91
3262,-1.01
3263,-1.05
3264,-1.01
3265,-1.02
3266,-1.01
3267,-1.0
3268,-1.01
3269,0.9299999999999999
3270,0.91
3271,0.9299999999999999
3272,-1.03
3273,-1.05
3274,0.91
3275,-1.01
3276,0.9299999999999999
3277,-1.0
3278,-1.04
3279,-1.05
3280,-1.03
3281,-1.03
3282,-1.0
3283,-1.05
3284,0.92
3285,0.9299999999999999
3286,-1.01
3287,-1.02
3288,-1.05
3289,-1.02
3290,0.9299999999999999
3291,0.9299999999999999
3292,-1.01
3293,0.9299999999999999
3294,-1.05
3295,-1.01
3296,-1.0
3297,0.92
3298,-1.02
3299,-1.04
3300,-1.0
3301,0.91
3302,0.92
3303,-1.03
3304,-1.02
3305,0.9299999999999999
3306,0.9
3307,0.9299999999999999
3308,0.92
3309,-1.01
3310,-1.04
3311,0.92
3312,0.9299999999999999
3313,-1.05
3314,0.91
3315,-1.04
3316,-1.06
3317,0.9299999999999999
3318,0.9299999999999999
3319,0.9299999999999999
3320,-1.03
3321,-1.04
3322,-1.0
3323,-1.02
3324,-1.0
3325,-1.04
3326,0.9299999999999999
3327,-1.02
3328,0.9299999999999999
3329,-1.03
3330,-1.04
3331,-1.05
3332,0.9299999999999999
3333,-1.05
3334,-1.01
3335,-1.02
3336,0.9299999999999999
3337,-1.03
3338,0.9299999999999999
3339,-1.06
3340,-1.01
3341,-1.04
3342,-1.01
3343,0.91
3344,-1.01
3345,-1.03
3346,-1.01
3347,-1.04
3348,-1.07
3349,-1.04
3350,-1.04
3351,-1.08
3352,-1.05
3353,-1.0
3354,0.9299999999999999
3355,-1.04
3356,-1.02
3357,-1.02
3358,-1.06
3359,-1.05
3360,0.9299999999999999
3361,-1.06
3362,-1.02
3363,0.9299999999999999
3364,-1.06
3365,-1.03
3366,-1.0
3367,0.9299999999999999
3368,-1.02
3369,-1.04
3370,-1.02
3371,0.89
3372,-1.0
3373,-1.05
3374,-1.07
3375,-1.01
3376,0.91
3377,-1.06
3378,0.91
3379,0.9299999999999999
3380,0.92
3381,0.91
3382,-1.0
3383,-1.0
3384,0.92
3385,0.9299999999999999
3386,-1.04
3387,-1.0
3388,-1.07
3389,0.91
3390,0.9299999999999999
3391,0.9299999999999999
3392,-1.04
3393,0.9299999999999999
3394,-1.01
3395,-1.04
3396,-1.05
3397,0.9299999999999999
3398,0.9299999999999999
3399,-1.03
3400,-1.0
3401,0.9299999999999999
3402,0.91
3403,0.9299999999999999
3404,-1.01
3405,0.9299999999999999
3406,-1.06
3407,0.9
3408,0.9299999999999999
3409,0.9299999999999999
3410,-1.03
3411,-1.05
3412,0.9299999999999999
3413,-1.01
3414,0.9299999999999999
3415,-1.06
3416,0.9299999999999999
3417,-1.03
3418,0.9299999999999999
3419,-1.05
3420,-1.0
3421,0.9299999999999999
3422,0.86
3423,-1.06
3424,-1.0
3425,-1.03
3426,-1.05
3427,-1.03
3428,-1.0
3429,-1.02
3430,-1.01
3431,-1.01
3432,0.9299999999999999
3433,-1.05
3434,-1.02
3435,0.91
3436,-1.08
3437,-1.0
3438,-1.0
3439,-1.03
3440,0.9299999999999999
3441,-1.02
3442,-1.03
3443,-1.01
3444,-1.04
3445,-1.0
3446,0.92
3447,-1.05
3448,-1.05
3449,0.91
3450,0.91
3451,-1.0
3452,-1.07
3453,-1.07
3454,-1.0
3455,-1.01
3456,-1.03
3457,-1.02
3458,-1.04
3459,-1.03
3460,-1.05
3461,0.9299999999999999
3462,0.91
3463,-1.04
3464,-1.0
3465,0.91
3466,0.9299999999999999
3467,-1.05
3468,0.9299999999999999
3469,-1.03
3470,-1.01
3471,0.9299999999999999
3472,-1.04
3473,-1.04
3474,0.9299999999999999
3475,-1.03
3476,-1.02
3477,0.9299999999999999
3478,-1.06
3479,-1.03
3480,-1.0
3481,0.92
3482,-1.02
3483,0.91
3484,0.91
3485,0.9299999999999999
3486,-1.06
3487,0.9299999999999999
3488,-1.04
3489,-1.03
3490,-1.0
3491,-1.01
3492,-1.0
3493,0.91
3494,-1.03
3495,-1.05
3496,-1.07
3497,-1.02
3498,0.91
3499,0.91
3500,-1.0
3501,0.9299999999999999
3502,-1.01
3503,-1.06
3504,-1.02
3505,-1.01
3506,0.9299999999999999
3507,-1.01
3508,-1.04
3509,-1.0
3510,0.9299999999999999
3511,0.9299999999999999
3512,0.9299999999999999
3513,-1.04
3514,0.9299999999999999
3515,-1.01
3516,-1.04
3517,-1.0
3518,-1.01
3519,-1.04
3520,-1.06
3521,-1.01
3522,-1.05
3523,-1.0
3524,-1.07
3525,-1.04
3526,-1.02
3527,0.91
3528,-1.02
3529,-1.05
3530,0.9299999999999999
3531,0.9299999999999999
3532,0.9299999999999999
3533,-1.05
3534,-1.01
3535,0.92
3536,-1.06
3537,-1.07
3538,0.9299999999999999
3539,-1.04
3540,-1.01
3541,0.92
3542,-1.09
3543,-1.0
3544,-1.02
3545,-1.03
3546,0.9299999999999999
3547,0.9
3548,-1.06
3549,0.9299999999999999
3550,-1.08
3551,-1.02
3552,-1.07
3553,-1.01
3554,-1.05
3555,0.91
3556,0.9299999999999999
3557,0.9299999999999999
3558,-1.05
3559,-1.05
3560,-1.03
3561,-1.09
3562,-1.05
3563,-1.01
3564,0.9299999999999999
3565,-1.04
3566,0.9299999999999999
3567,-1.03
3568,0.9299999999999999
3569,0.9299999999999999
3570,-1.03
3571,-1.0
3572,0.9299999999999999
3573,0.9299999999999999
3574,0.9299999999999999
3575,-1.07
3576,-1.04
3577,-1.05
3578,-1.03
3579,0.9299999999999999
3580,0.9299999999999999
3581,0.9299999999999999
3582,-1.04
3583,-1.0
3584,-1.01
3585,-1.02
3586,0.9299999999999999
3587,-1.01
3588,-1.06
3589,0.9299999999999999
3590,-1.04
3591,0.89
3592,0.9299999999999999
3593,-1.07
3594,-1.08
3595,-1.04
3596,0.9299999999999999
3597,0.89
3598,-1.04
3599,0.9299999999999999
3600,-1.04
3601,-1.0
3602,0.92
3603,-1.03
3604,0.92
3605,-1.0
3606,0.9299999999999999
3607,-1.01
3608,-1.03
3609,-1.0
3610,-1.06
3611,-1.03
3612,0.9299999999999999
3613,-1.0
3614,-1.02
3615,0.9299999999999999
3616,-1.0
3617,-1.02
3618,0.9299999999999999
3619,-1.05
3620,-1.0
3621,0.9299999999999999
3622,-1.02
3623,-1.0
3624,-1.0
3625,-1.05
3626,-1.0
3627,-1.0
3628,-1.01
3629,-1.04
3630,0.9299999999999999
3631,-1.01
3632,0.9299999999999999
3633,-1.08
3634,0.9299999999999999
3635,-1.01
3636,0.9299999999999999
3637,-1.08
3638,-1.08
3639,-1.05
3640,0.89
3641,-1.06
3642,0.9299999999999999
3643,-1.0
3644,-1.02
3645,-1.0
3646,0.9299999999999999
3647,0.92
3648,-1.09
3649,-1.01
3650,0.92
3651,-1.0
3652,-1.01
3653,-1.08
3654,0.9299999999999999
3655,0.9299999999999999
3656,-1.05
3657,-1.03
3658,0.92
3659,-1.06
3660,-1.03
3661,-1.03
3662,-1.04
3663,0.9299999999999999
3664,-1.07
3665,-1.01
3666,0.9299999999999999
3667,0.92
3668,-1.03
3669,-1.0
3670,0.88
3671,-1.06
3672,-1.01
3673,-1.01
3674,-1.03
3675,-1.1
3676,-1.06
3677,-1.0
3678,0.9299999999999999
3679,-1.07
3680,-1.05
3681,-1.01
3682,0.9299999999999999
3683,0.91
3684,0.9299999999999999
3685,0.9299999999999999
3686,0.9299999999999999
3687,-1.03
3688,0.92
3689,0.92
3690,0.92
3691,-1.04
3692,-1.08
3693,0.91
3694,-1.09
3695,-1.01
3696,0.9299999999999999
3697,-1.01
3698,-1.0
3699,-1.05
3700,-1.01
3701,-1.06
3702,-1.06
3703,-1.02
3704,0.92
3705,0.89
3706,0.9299999999999999
3707,-1.0
3708,-1.01
3709,-1.03
3710,0.9299999999999999
3711,-1.01
3712,-1.07
3713,-1.05
3714,-1.04
3715,-1.03
3716,-1.01
3717,-1.05
3718,-1.0
3719,-1.03
3720,-1.0
3721,0.9299999999999999
3722,0.92
3723,0.9299999999999999
3724,-1.03
3725,-1.05
3726,-1.04
3727,0.9299999999999999
3728,0.9299999999999999
3729,0.9299999999999999
3730,0.9299999999999999
3731,-1.02
3732,-1.05
3733,-1.01
3734,-1.05
3735,0.91
3736,-1.02
3737,-1.04
3738,0.92
3739,-1.06
3740,-1.0
3741,-1.01
3742,-1.01
3743,0.9299999999999999
3744,0.9299999999999999
3745,-1.01
3746,-1.01
3747,-1.06
3748,0.91
3749,-1.05
3750,-1.09
3751,-1.01
3752,-1.0
3753,-1.09
3754,0.9299999999999999
3755,0.9299999999999999
3756,-1.02
3757,-1.01
3758,-1.03
3759,0.9299999999999999
3760,-1.03
3761,-1.02
3762,-1.01
3763,0.9
3764,-1.04
3765,-1.05
3766,-1.0
3767,-1.03
3768,-1.01
3769,-1.0
3770,-1.02
3771,-1.0
3772,0.9299999999999999
3773,-1.0
3774,0.91
3775,-1.01
3776,-1.02
3777,0.9299999999999999
3778,0.9299999999999999
3779,0.9299999999999999
3780,-1.06
3781,-1.02
3782,-1.04
3783,-1.04
3784,-1.01
3785,0.91
3786,0.91
3787,0.92
3788,-1.05
3789,-1.05
3790,0.9299999999999999
3791,-1.06
3792,-1.03
3793,0.9299999999999999
3794,0.9299999999999999
3795,-1.0
3796,-1.04
3797,0.9299999999999999
3798,-1.01
3799,0.92
3800,-1.06
3801,-1.0
3802,-1.02
3803,-1.02
3804,-1.03
3805,-1.04
3806,0.92
3807,-1.01
3808,0.89
3809,-1.09
3810,-1.02
3811,-1.08
3812,0.9299999999999999
3813,0.9299999999999999
3814,-1.02
3815,0.9299999999999999
3816,-1.06
3817,-1.0
3818,-1.02
3819,-1.03
3820,-1.04
3821,-1.07
3822,0.92
3823,-1.03
3824,-1.06
3825,-1.0
3826,0.9
3827,-1.01
3828,-1.0
3829,-1.0
3830,-1.01
3831,-1.03
3832,-1.01
3833,-1.1099999999999999
3834,0.9299999999999999
3835,-1.03
3836,0.91
3837,-1.07
3838,-1.01
3839,-1.01
3840,-1.05
3841,-1.0
3842,-1.03
3843,-1.03
3844,-1.01
3845,-1.02
3846,-1.01
3847,-1.01
3848,-1.05
3849,-1.03
3850,0.9299999999999999
3851,-1.02
3852,-1.1
3853,-1.03
3854,-1.04
3855,-1.06
3856,-1.04
3857,0.9299999999999999
3858,-1.05
3859,0.9299999999999999
3860,-1.03
3861,0.92
3862,-1.03
3863,-1.06
3864,0.91
3865,-1.04
3866,-1.02
3867,-1.04
3868,0.91
3869,-1.06
3870,-1.0
3871,-1.0
3872,-1.0
3873,-1.05
3874,0.9299999999999999
3875,-1.03
3876,-1.03
3877,0.9299999999999999
3878,-1.04
3879,-1.02
3880,0.9299999999999999
3881,0.9299999999999999
3882,-1.06
3883,-1.01
3884,-1.01
3885,0.92
3886,0.9299999999999999
3887,-1.01
3888,0.9299999999999999
3889,-1.05
3890,0.9299999999999999
3891,0.91
3892,-1.02
3893,-1.0
3894,-1.06
3895,-1.02
3896,0.9299999999999999
3897,0.9299999999999999
3898,-1.01
3899,0.91
3900,-1.04
3901,-1.0
3902,-1.02
3903,-1.03
3904,-1.02
3905,-1.02
3906,-1.02
3907,0.91
3908,-1.07
3909,-1.04
3910,-1.06
3911,0.9299999999999999
3912,-1.0
3913,-1.0
3914,0.9299999999999999
3915,-1.04
3916,-1.01
3917,-1.06
3918,0.9299999999999999
3919,-1.04
3920,0.92
3921,0.9299999999999999
3922,-1.03
3923,-1.02
3924,-1.0
3925,-1.04
3926,0.9299999999999999
3927,0.89
3928,-1.03
3929,-1.03
3930,-1.02
3931,-1.02
3932,-1.0
3933,-1.02
3934,0.9299999999999999
3935,-1.0
3936,0.9299999999999999
3937,-1.0
3938,0.9299999999999999
3939,-1.04
3940,-1.01
3941,-1.04
3942,-1.02
3943,0.9299999999999999
3944,0.91
3945,-1.0
3946,-1.07
3947,0.91
3948,0.9299999999999999
3949,-1.01
3950,-1.05
3951,-1.03
3952,0.9299999999999999
3953,0.9299999999999999
3954,0.92
3955,-1.06
3956,0.92
3957,-1.01
3958,0.9299999999999999
3959,0.9299999999999999
3960,-1.0
3961,-1.07
3962,-1.01
3963,-1.02
3964,-1.01
3965,-1.04
3966,-1.04
3967,-1.01
3968,0.9299999999999999
3969,0.9299999999999999
3970,-1.0
3971,-1.02
3972,0.9299999999999999
3973,-1.0
3974,0.91
3975,-1.05
3976,0.91
3977,-1.02
3978,-1.07
3979,-1.04
3980,-1.01
3981,0.89
3982,-1.02
3983,0.9299999999999999
3984,-1.0
3985,0.9299999999999999
3986,0.9299999999999999
3987,-1.05
3988,0.9299999999999999
3989,0.91
3990,-1.01
3991,-1.02
3992,0.91
3993,-1.01
3994,0.9299999999999999
3995,0.9299999999999999
3996,-1.03
3997,-1.03
3998,-1.03
3999,-1.06
4000,-1.0
4001,-1.03
4002,-1.01
4003,-1.03
4004,-1.01
4005,-1.02
4006,-1.06
4007,-1.05
4008,0.9299999999999999
4009,0.9299999999999999
4010,0.9299999999999999
4011,-1.04
4012,0.92
4013,0.92
4014,0.91
4015,-1.05
4016,-1.04
4017,0.91
4018,-1.06
4019,0.9299999999999999
4020,0.9299999999999999
4021,-1.02
4022,0.9299999999999999
4023,-1.01
4024,0.91
4025,0.92
4026,-1.05
4027,0.9299999999999999
4028,0.9299999999999999
4029,-1.04
4030,-1.01
4031,-1.01
4032,0.9299999999999999
4033,-1.04
4034,0.91
4035,-1.0
4036,0.9299999999999999
4037,-1.02
4038,-1.05
4039,0.9299999999999999
4040,-1.04
4041,-1.06
4042,-1.06
4043,-1.05
4044,0.9299999999999999
4045,-1.04
4046,-1.02
4047,0.92
4048,0.9299999999999999
4049,-1.04
4050,-1.0
4051,-1.05
4052,-1.06
4053,-1.05
4054,-1.06
4055,-1.02
4056,-1.02
4057,-1.02
4058,0.9299999999999999
4059,-1.02
4060,-1.03
4061,-1.08
4062,-1.06
4063,0.9299999999999999
4064,0.91
4065,0.9299999999999999
4066,-1.07
4067,-1.01
4068,-1.01
4069,-1.03
4070,-1.06
4071,0.91
4072,-1.03
4073,-1.04
4074,-1.02
4075,-1.04
4076,-1.02
4077,-1.0
4078,-1.0
4079,0.86
4080,-1.08
4081,-1.01
4082,0.92
4083,-1.01
4084,-1.02
4085,-1.05
4086,0.9299999999999999
4087,-1.0
4088,-1.03
4089,0.92
4090,-1.03
4091,-1.03
4092,-1.06
4093,0.9299999999999999
4094,0.92
4095,-1.02
4096,-1.01
4097,0.9
4098,-1.06
4099,-1.03
4100,0.9299999999999999
4101,-1.0
4102,-1.04
4103,0.9299999999999999
4104,0.91
4105,-1.05
4106,-1.06
4107,-1.09
4108,-1.05
4109,0.9299999999999999
4110,-1.03
4111,-1.08
4112,-1.03
4113,-1.03
4114,-1.04
4115,-1.05
4116,-1.06
4117,0.92
4118,-1.02
4119,-1.0
4120,-1.03
4121,-1.03
4122,-1.04
4123,-1.03
4124,-1.05
4125,-1.0
4126,0.9299999999999999
4127,-1.0
4128,0.91
4129,-1.07
4130,0.9299999999999999
4131,0.9299999999999999
4132,0.92
4133,-1.04
4134,-1.03
4135,0.92
4136,0.91
4137,-1.0
4138,-1.05
4139,-1.01
4140,-1.03
4141,0.89
4142,-1.02
4143,-1.0
4144,-1.01
4145,-1.0
4146,0.9299999999999999
4147,-1.0
4148,-1.03
4149,-1.01
4150,-1.08
4151,0.9299999999999999
4152,-1.0
4153,-1.05
4154,0.9299999999999999
4155,0.89
4156,-1.0
4157,-1.02
4158,-1.03
4159,0.91
4160,0.9299999999999999
4161,-1.05
4162,-1.02
4163,-1.07
4164,0.92
4165,-1.04
4166,-1.06
4167,-1.02
4168,0.9299999999999999
4169,-1.02
4170,-1.0
4171,-1.05
4172,-1.0
4173,-1.05
4174,0.9299999999999999
4175,0.91
4176,-1.03
4177,-1.06
4178,-1.0
4179,0.9299999999999999
4180,0.9299999999999999
4181,0.9299999999999999
4182,-1.08
4183,0.9299999999999999
4184,-1.05
4185,-1.01
4186,0.9
4187,0.9299999999999999
4188,-1.04
4189,-1.02
4190,0.92
4191,-1.0
4192,-1.07
4193,-1.04
4194,0.91
4195,-1.0
4196,-1.04
4197,-1.0
4198,-1.02
4199,-1.0
4200,-1.06
4201,-1.0
4202,0.9299999999999999
4203,-1.04
4204,0.91
4205,0.91
4206,-1.04
4207,-1.05
4208,0.9299999999999999
4209,-1.06
4210,-1.03
4211,-1.04
4212,-1.02
4213,0.9299999999999999
4214,-1.01
4215,-1.0
4216,-1.02
4217,0.88
4218,-1.03
4219,-1.07
4220,0.9299999999999999
4221,-1.01
4222,-1.02
4223,-1.09
4224,0.9299999999999999
4225,0.9299999999999999
4226,-1.01
4227,-1.04
4228,-1.02
4229,-1.01
4230,-1.0
4231,0.9299999999999999
4232,0.92
4233,-1.02
4234,-1.01
4235,-1.05
4236,0.92
4237,-1.02
4238,-1.0
4239,-1.01
4240,-1.05
4241,0.9
4242,-1.01
4243,-1.04
4244,-1.01
4245,0.9299999999999999
4246,-1.03
4247,-1.05
4248,0.91
4249,0.9299999999999999
4250,-1.05
4251,-1.0
4252,-1.03
4253,-1.05
4254,-1.03
4255,-1.04
4256,-1.0
4257,-1.03
4258,-1.04
4259,0.91
4260,-1.02
4261,-1.01
4262,-1.03
4263,-1.0
4264,-1.02
4265,-1.06
4266,-1.03
4267,-1.01
4268,-1.06
4269,-1.05
4270,-1.0
4271,0.9299999999999999
4272,0.9299999999999999
4273,-1.05
4274,0.9299999999999999
4275,-1.04
4276,-1.08
4277,-1.05
4278,-1.01
4279,-1.01
4280,-1.04
4281,-1.05
4282,-1.05
4283,-1.0
4284,-1.02
4285,0.9299999999999999
4286,-1.03
4287,-1.03
4288,-1.04
4289,-1.0
4290,-1.04
4291,-1.01
4292,-1.05
4293,-1.0
4294,0.9299999999999999
4295,0.9299999999999999
4296,-1.05
4297,0.91
4298,-1.05
4299,-1.08
4300,-1.07
4301,-1.03
4302,-1.0
4303,-1.02
4304,-1.0
4305,-1.0
4306,-1.01
4307,0.9299999999999999
4308,-1.04
4309,-1.01
4310,-1.01
4311,0.9299999999999999
4312,-1.02
4313,-1.03
4314,-1.0
4315,-1.02
4316,0.91
4317,0.9299999999999999
4318,-1.02
4319,-1.05
4320,0.9299999999999999
4321,0.9299999999999999
4322,-1.04
4323,0.9299999999999999
4324,-1.04
4325,-1.03
4326,-1.04
4327,-1.06
4328,-1.03
4329,0.9299999999999999
4330,-1.06
4331,-1.06
4332,-1.06
4333,0.9299999999999999
4334,-1.1099999999999999
4335,-1.01
4336,0.9299999999999999
4337,0.92
4338,-1.04
4339,-1.0
4340,-1.01
4341,-1.02
4342,0.91
4343,-1.0
4344,0.9299999999999999
4345,-1.08
4346,-1.0
4347,-1.03
4348,-1.01
4349,-1.06
4350,-1.0
4351,-1.01
4352,-1.0
4353,-1.06
4354,-1.04
4355,-1.02
4356,0.92
4357,-1.0
4358,-1.01
4359,-1.06
4360,-1.06
4361,-1.02
4362,-1.07
4363,-1.04
4364,-1.02
4365,-1.02
4366,0.9299999999999999
4367,-1.05
4368,-1.01
4369,0.9299999999999999
4370,-1.04
4371,-1.06
4372,0.91
4373,-1.01
4374,-1.04
4375,-1.06
4376,-1.05
4377,0.92
4378,0.9
4379,0.9299999999999999
4380,-1.04
4381,-1.01
4382,0.92
4383,-1.02
4384,-1.07
4385,-1.01
4386,-1.04
4387,-1.0
4388,0.92
4389,0.87
4390,0.91
4391,-1.07
4392,-1.06
4393,0.92
4394,-1.07
4395,-1.03
4396,-1.02
4397,-1.0
4398,0.9299999999999999
4399,0.91
4400,0.9299999999999999
4401,-1.07
4402,-1.03
4403,-1.01
4404,-1.0
4405,-1.01
4406,0.9299999999999999
4407,0.9299999999999999
4408,0.89
4409,-1.06
4410,0.9299999999999999
4411,-1.0
4412,-1.03
4413,-1.01
4414,-1.06
4415,0.9299999999999999
4416,0.9299999999999999
4417,0.9299999999999999
4418,-1.02
4419,-1.01
4420,0.92
4421,-1.06
4422,0.9299999999999999
4423,-1.07
4424,-1.02
4425,-1.04
4426,-1.05
4427,-1.06
4428,0.91
4429,0.91
4430,-1.0
4431,0.92
4432,-1.04
4433,-1.05
4434,-1.0
4435,-1.01
4436,-1.07
4437,-1.06
4438,-1.0
4439,-1.01
4440,-1.0
4441,-1.01
4442,0.9299999999999999
4443,-1.0
4444,-1.0
4445,-1.04
4446,0.9299999999999999
4447,-1.05
4448,-1.0
4449,-1.0
4450,-1.05
4451,-1.02
4452,0.9299999999999999
4453,-1.03
4454,0.9299999999999999
4455,0.91
4456,-1.05
4457,-1.0
4458,-1.01
4459,-1.06
4460,-1.09
4461,-1.01
4462,0.9299999999999999
4463,0.9299999999999999
4464,-1.01
4465,-1.05
4466,-1.0
4467,0.9299999999999999
4468,-1.05
4469,-1.04
4470,0.9299999999999999
4471,0.92
4472,-1.06
4473,0.92
4474,-1.02
4475,0.89
4476,-1.04
4477,-1.03
4478,-1.03
4479,-1.07
4480,-1.0
4481,-1.0
4482,-1.0
4483,0.9299999999999999
4484,0.9299999999999999
4485,0.9299999999999999
4486,-1.01
4487,-1.0
4488,0.9299999999999999
4489,0.9299999999999999
4490,-1.05
4491,-1.1
4492,0.92
4493,0.9
4494,0.89
4495,-1.04
4496,0.9299999999999999
4497,0.9299999999999999
4498,0.88
4499,-1.02
4500,-1.03
4501,-1.0
4502,-1.06
4503,0.89
4504,-1.0
4505,0.91
4506,0.9299999999999999
4507,0.9299999999999999
4508,0.9299999999999999
4509,-1.02
4510,0.9299999999999999
4511,-1.01
4512,-1.0
4513,-1.04
4514,-1.07
4515,-1.02
4516,-1.06
4517,-1.01
4518,-1.02
4519,0.9299999999999999
4520,-1.0
4521,0.9299999999999999
4522,0.9299999999999999
4523,-1.04
4524,0.9299999999999999
4525,-1.02
4526,0.9299999999999999
4527,0.92
4528,-1.04
4529,-1.04
4530,-1.02
4531,-1.06
4532,0.9299999999999999
4533,0.9299999999999999
4534,-1.01
4535,0.92
4536,0.9299999999999999
4537,-1.06
4538,-1.03
4539,-1.05
4540,-1.06
4541,-1.05
4542,-1.04
4543,0.91
4544,-1.07
4545,-1.0
4546,-1.08
4547,-1.0
4548,-1.01
4549,-1.05
4550,-1.06
4551,0.9299999999999999
4552,-1.03
4553,-1.01
4554,-1.08
4555,-1.02
4556,0.9299999999999999
4557,0.9299999999999999
4558,-1.05
4559,0.9299999999999999
4560,0.92
4561,-1.02
4562,-1.06
4563,-1.02
4564,0.9299999999999999
4565,-1.07
4566,-1.05
4567,-1.03
4568,0.91
4569,0.9299999999999999
4570,-1.02
4571,-1.01
4572,-1.0
4573,-1.04
4574,0.9299999999999999
4575,-1.06
4576,0.91
4577,-1.06
4578,0.9299999999999999
4579,0.87
4580,-1.02
4581,0.9299999999999999
4582,-1.02
4583,-1.04
4584,0.89
4585,0.9
4586,-1.05
4587,-1.01
4588,0.9299999999999999
4589,-1.04
4590,-1.0
4591,-1.04
4592,-1.05
4593,0.9299999999999999
4594,-1.01
4595,0.9299999999999999
4596,-1.04
4597,-1.04
4598,-1.06
4599,-1.0
4600,-1.03
4601,-1.0
4602,-1.04
4603,0.92
4604,0.92
4605,-1.04
4606,-1.0
4607,-1.02
4608,0.91
4609,0.92
4610,0.92
4611,0.91
4612,-1.0
4613,-1.03
4614,0.9299999999999999
4615,-1.0
4616,-1.07
4617,-1.02
4618,-1.03
4619,0.9299999999999999
4620,-1.01
4621,-1.0
4622,-1.0
4623,-1.0
4624,0.9299999999999999
4625,-1.03
4626,-1.06
4627,-1.0
4628,0.9299999999999999
4629,-1.03
4630,-1.02
4631,-1.03
4632,-1.06
4633,0.9299999999999999
4634,0.9299999999999999
4635,-1.0
4636,0.9
4637,-1.07
4638,0.92
4639,-1.02
4640,-1.01
4641,-1.08
4642,-1.03
4643,-1.01
4644,0.92
4645,-1.02
4646,0.9299999999999999
4647,-1.04
4648,-1.0
4649,-1.04
4650,-1.05
4651,-1.04
4652,-1.03
4653,-1.0
4654,0.92
4655,-1.02
4656,-1.0
4657,-1.04
4658,-1.03
4659,-1.04
4660,-1.05
4661,0.9299999999999999
4662,-1.0
4663,0.91
4664,0.89
4665,-1.04
4666,0.91
4667,-1.01
4668,-1.08
4669,0.9299999999999999
4670,0.92
4671,0.92
4672,0.9299999999999999
4673,-1.03
4674,-1.02
4675,0.9299999999999999
4676,-1.03
4677,-1.04
4678,0.92
4679,-1.02
4680,-1.04
4681,-1.0
4682,-1.05
4683,-1.06
4684,0.9299999999999999
4685,-1.01
4686,0.88
4687,-1.01
4688,0.91
4689,0.9
4690,-1.03
4691,-1.0
4692,0.9299999999999999
4693,-1.0
4694,0.9299999999999999
4695,-1.05
4696,0.9299999999999999
4697,-1.07
4698,-1.06
4699,-1.0
4700,-1.03
4701,-1.02
4702,-1.0
4703,-1.04
4704,-1.02
4705,-1.04
4706,0.92
4707,-1.0
4708,-1.04
4709,-1.04
4710,-1.06
4711,-1.01
4712,-1.03
4713,-1.02
4714,-1.02
4715,-1.01
4716,-1.01
4717,-1.05
4718,-1.01
4719,-1.04
4720,-1.07
4721,0.92
4722,0.91
4723,0.9299999999999999
4724,0.9299999999999999
4725,-1.04
4726,-1.03
4727,-1.01
4728,0.91
4729,-1.03
4730,-1.04
4731,-1.06
4732,-1.07
4733,-1.01
4734,-1.0
4735,0.91
4736,-1.07
4737,0.9299999999999999
4738,0.91
4739,0.92
4740,-1.04
4741,-1.0
4742,0.9299999999999999
4743,-1.01
4744,0.9299999999999999
4745,0.91
4746,0.89
4747,0.9299999999999999
4748,-1.02
4749,0.9299999999999999
4750,0.9299999999999999
4751,-1.04
4752,0.91
4753,-1.06
4754,-1.01
4755,-1.04
4756,-1.04
4757,-1.01
4758,0.91
4759,-1.0
4760,-1.05
4761,-1.04
4762,0.9299999999999999
4763,-1.05
4764,-1.01
4765,-1.01
4766,-1.02
4767,-1.01
4768,-1.04
4769,-1.03
4770,0.91
4771,-1.06
4772,-1.05
4773,-1.06
4774,0.91
4775,-1.04
4776,-1.07
4777,-1.07
4778,-1.05
4779,-1.0
4780,-1.06
4781,-1.0
4782,-1.02
4783,-1.07
4784,-1.06
4785,0.9299999999999999
4786,0.92
4787,0.9299999999999999
4788,-1.06
4789,-1.02
4790,0.92
4791,-1.05
4792,-1.01
4793,-1.02
4794,-1.01
4795,0.89
4796,-1.05
4797,0.9299999999999999
4798,-1.02
4799,0.9299999999999999
4800,-1.01
4801,-1.01
4802,-1.0
4803,-1.05
4804,0.91
4805,-1.01
4806,0.9299999999999999
4807,0.9299999999999999
4808,-1.04
4809,-1.06
4810,-1.01
4811,-1.01
4812,-1.05
4813,-1.06
4814,0.92
4815,-1.04
4816,-1.07
4817,0.91
4818,-1.03
4819,0.9
4820,-1.01
4821,-1.01
4822,0.9299999999999999
4823,0.91
4824,-1.01
4825,-1.01
4826,0.9299999999999999
4827,0.9299999999999999
4828,-1.04
4829,-1.03
4830,-1.02
4831,-1.02
4832,-1.04
4833,0.9
4834,-1.01
4835,-1.0
4836,-1.0
4837,-1.05
4838,-1.0
4839,-1.01
4840,-1.04
4841,-1.06
4842,-1.03
4843,-1.05
4844,-1.01
4845,-1.0
4846,-1.05
4847,-1.02
4848,-1.0
4849,-1.07
4850,-1.0
4851,-1.05
4852,-1.02
4853,0.9299999999999999
4854,-1.05
4855,-1.03
4856,-1.06
4857,-1.02
4858,-1.0
4859,-1.01
4860,0.92
4861,-1.06
4862,-1.04
4863,-1.04
4864,-1.0
4865,-1.05
4866,-1.02
4867,-1.01
4868,0.89
4869,-1.05
4870,-1.05
4871,-1.0
4872,-1.01
4873,0.91
4874,0.92
4875,-1.01
4876,0.91
4877,-1.06
4878,0.9299999999999999
4879,-1.06
4880,-1.0
4881,-1.01
4882,-1.05
4883,0.9
4884,0.9
4885,-1.05
4886,-1.0
4887,-1.07
4888,-1.03
4889,-1.07
4890,-1.01
4891,-1.02
4892,-1.01
4893,-1.02
4894,-1.0
4895,-1.01
4896,-1.02
4897,-1.03
4898,0.9299999999999999
4899,-1.01
4900,0.9299999999999999
4901,-1.02
4902,-1.04
4903,0.9299999999999999
4904,0.89
4905,-1.01
4906,0.9299999999999999
4907,-1.05
4908,0.91
4909,-1.07
4910,0.91
4911,-1.0
4912,-1.05
4913,0.9299999999999999
4914,-1.04
4915,0.9299999999999999
4916,0.9299999999999999
4917,-1.02
4918,0.92
4919,0.91
4920,-1.04
4921,-1.02
4922,0.89
4923,0.9299999999999999
4924,-1.0
4925,-1.06
4926,-1.03
4927,0.92
4928,-1.02
4929,-1.03
4930,-1.04
4931,-1.01
4932,-1.01
4933,0.9299999999999999
4934,-1.0
4935,0.9299999999999999
4936,-1.05
4937,-1.0
4938,-1.0
4939,-1.04
4940,-1.0
4941,-1.02
4942,-1.04
4943,-1.0
4944,0.9299999999999999
4945,-1.05
4946,0.92
4947,-1.05
4948,-1.0
4949,-1.02
4950,-1.05
4951,-1.03
4952,-1.02
4953,-1.01
4954,-1.03
4955,-1.0
4956,0.88
4957,-1.06
4958,0.92
4959,0.92
4960,0.9
4961,-1.01
4962,-1.0
4963,-1.01
4964,0.91
4965,-1.07
4966,0.9299999999999999
4967,-1.0
4968,-1.04
4969,-1.03
4970,-1.01
4971,-1.01
4972,0.9299999999999999
4973,-1.01
4974,-1.0
4975,0.9299999999999999
4976,-1.01
4977,-1.03
4978,-1.06
4979,-1.01
4980,0.92
4981,0.92
4982,0.9
4983,-1.05
4984,0.9299999999999999
4985,-1.06
4986,-1.05
4987,-1.05
4988,-1.0
4989,-1.02
4990,0.9299999999999999
4991,-1.02
4992,0.9299999999999999
4993,-1.0
4994,-1.05
4995,0.9299999999999999
4996,-1.01
4997,0.9299999999999999
4998,-1.05
4999,-1.01
5000,-1.03
